{"state20": [["xpath /HTML[1]/BODY[1]/DIV[2]/DIV[1]/FORM[1]/FIELDSET[1]/DIV[4]/BUTTON[1]", "xpath /HTML[1]/BODY[1]/DIV[2]/DIV[2]/DIV[2]/DIV[1]/DIV[4]/DIV[2]/DIV[1]/TABLE[1]/TBODY[1]/TR[4]/TD[6]/A[1]", "xpath /HTML[1]/BODY[1]/DIV[2]/DIV[2]/DIV[2]/DIV[1]/DIV[4]/DIV[2]/DIV[1]/TABLE[1]/TBODY[1]/TR[5]/TD[3]/A[1]", "xpath /HTML[1]/BODY[1]/DIV[2]/DIV[2]/DIV[1]/UL[1]/LI[1]/A[1]", "xpath /HTML[1]/BODY[1]/DIV[2]/DIV[2]/DIV[3]/DIV[1]/H2[1]/A[1]", "xpath /HTML[1]/BODY[1]/DIV[2]/DIV[2]/DIV[2]/DIV[1]/DIV[4]/DIV[2]/DIV[1]/TABLE[1]/TBODY[1]/TR[3]/TD[6]/A[1]", "xpath /HTML[1]/BODY[1]/DIV[2]/DIV[2]/DIV[1]/UL[1]/LI[2]/A[1]", "xpath /HTML[1]/BODY[1]/DIV[2]/DIV[2]/DIV[2]/DIV[1]/DIV[1]/DIV[2]/DIV[3]/DIV[1]/A[2]", "xpath /HTML[1]/BODY[1]/DIV[2]/DIV[2]/DIV[3]/DIV[2]/DIV[1]/UL[1]/LI[1]/A[1]", "xpath /HTML[1]/BODY[1]/DIV[2]/DIV[2]/DIV[3]/DIV[2]/H2[1]/A[1]", "xpath /HTML[1]/BODY[1]/DIV[2]/DIV[2]/DIV[3]/DIV[1]/H2[1]/A[1]", "xpath /HTML[1]/BODY[1]/DIV[2]/DIV[2]/DIV[2]/DIV[1]/DIV[1]/DIV[1]/A[1]", "xpath /HTML[1]/BODY[1]/DIV[2]/DIV[1]/DIV[1]/DIV[1]/DIV[2]/UL[1]/LI[3]/A[1]", "xpath /HTML[1]/BODY[1]/DIV[2]/DIV[2]/DIV[3]/DIV[2]/H2[1]/A[1]", "xpath /HTML[1]/BODY[1]/DIV[2]/DIV[2]/DIV[2]/DIV[1]/DIV[1]/DIV[3]/DIV[3]/DIV[1]/A[1]"], ["xpath /HTML[1]/BODY[1]/DIV[2]/DIV[1]/FORM[1]/FIELDSET[1]/DIV[4]/BUTTON[1]", "xpath /HTML[1]/BODY[1]/DIV[2]/DIV[2]/DIV[2]/DIV[1]/DIV[4]/DIV[2]/DIV[1]/TABLE[1]/TBODY[1]/TR[3]/TD[2]/A[1]", "xpath /HTML[1]/BODY[1]/DIV[2]/DIV[2]/DIV[2]/DIV[1]/DIV[4]/DIV[2]/DIV[1]/TABLE[1]/TBODY[1]/TR[3]/TD[3]/A[1]", "xpath /HTML[1]/BODY[1]/DIV[2]/DIV[2]/DIV[1]/UL[1]/LI[1]/A[1]", "xpath /HTML[1]/BODY[1]/DIV[2]/DIV[2]/DIV[3]/DIV[1]/H2[1]/A[1]", "xpath /HTML[1]/BODY[1]/DIV[2]/DIV[2]/DIV[2]/DIV[1]/DIV[4]/DIV[2]/DIV[1]/TABLE[1]/TBODY[1]/TR[3]/TD[6]/A[1]", "xpath /HTML[1]/BODY[1]/DIV[2]/DIV[2]/DIV[1]/UL[1]/LI[2]/A[1]", "xpath /HTML[1]/BODY[1]/DIV[2]/DIV[2]/DIV[2]/DIV[1]/DIV[1]/DIV[2]/DIV[3]/DIV[1]/A[2]", "xpath /HTML[1]/BODY[1]/DIV[2]/DIV[2]/DIV[3]/DIV[2]/DIV[1]/UL[1]/LI[1]/A[1]", "xpath /HTML[1]/BODY[1]/DIV[2]/DIV[2]/DIV[3]/DIV[2]/H2[1]/A[1]", "xpath /HTML[1]/BODY[1]/DIV[2]/DIV[2]/DIV[3]/DIV[1]/H2[1]/A[1]", "xpath /HTML[1]/BODY[1]/DIV[2]/DIV[2]/DIV[2]/DIV[1]/DIV[1]/DIV[1]/A[1]", "xpath /HTML[1]/BODY[1]/DIV[2]/DIV[1]/DIV[1]/DIV[1]/DIV[2]/UL[1]/LI[3]/A[1]", "xpath /HTML[1]/BODY[1]/DIV[2]/DIV[2]/DIV[3]/DIV[2]/H2[1]/A[1]", "xpath /HTML[1]/BODY[1]/DIV[2]/DIV[2]/DIV[2]/DIV[1]/DIV[1]/DIV[3]/DIV[3]/DIV[1]/A[1]"]], "state31": [["xpath /HTML[1]/BODY[1]/DIV[2]/DIV[1]/FORM[1]/FIELDSET[1]/DIV[4]/BUTTON[1]", "xpath /HTML[1]/BODY[1]/DIV[2]/DIV[2]/DIV[2]/DIV[1]/DIV[4]/DIV[2]/DIV[1]/TABLE[1]/TBODY[1]/TR[4]/TD[6]/A[1]", "xpath /HTML[1]/BODY[1]/DIV[2]/DIV[2]/DIV[1]/UL[1]/LI[3]/A[1]"]], "state6": [["xpath /HTML[1]/BODY[1]/DIV[2]/DIV[1]/FORM[1]/FIELDSET[1]/DIV[4]/BUTTON[1]", "xpath /HTML[1]/BODY[1]/DIV[2]/DIV[2]/DIV[2]/DIV[1]/DIV[4]/DIV[2]/DIV[1]/TABLE[1]/TBODY[1]/TR[4]/TD[6]/A[1]", "xpath /HTML[1]/BODY[1]/DIV[2]/DIV[2]/DIV[2]/DIV[1]/DIV[4]/DIV[2]/DIV[1]/TABLE[1]/TBODY[1]/TR[5]/TD[3]/A[1]", "xpath /HTML[1]/BODY[1]/DIV[2]/DIV[2]/DIV[1]/UL[1]/LI[1]/A[1]", "xpath /HTML[1]/BODY[1]/DIV[2]/DIV[2]/DIV[3]/DIV[1]/H2[1]/A[1]", "xpath /HTML[1]/BODY[1]/DIV[2]/DIV[2]/DIV[2]/DIV[1]/DIV[4]/DIV[2]/DIV[1]/TABLE[1]/TBODY[1]/TR[3]/TD[6]/A[1]"], ["xpath /HTML[1]/BODY[1]/DIV[2]/DIV[1]/FORM[1]/FIELDSET[1]/DIV[4]/BUTTON[1]", "xpath /HTML[1]/BODY[1]/DIV[2]/DIV[2]/DIV[2]/DIV[1]/DIV[4]/DIV[2]/DIV[1]/TABLE[1]/TBODY[1]/TR[3]/TD[2]/A[1]", "xpath /HTML[1]/BODY[1]/DIV[2]/DIV[2]/DIV[2]/DIV[1]/DIV[4]/DIV[2]/DIV[1]/TABLE[1]/TBODY[1]/TR[3]/TD[3]/A[1]", "xpath /HTML[1]/BODY[1]/DIV[2]/DIV[2]/DIV[1]/UL[1]/LI[1]/A[1]", "xpath /HTML[1]/BODY[1]/DIV[2]/DIV[2]/DIV[3]/DIV[1]/H2[1]/A[1]", "xpath /HTML[1]/BODY[1]/DIV[2]/DIV[2]/DIV[2]/DIV[1]/DIV[4]/DIV[2]/DIV[1]/TABLE[1]/TBODY[1]/TR[3]/TD[6]/A[1]"]], "index": [], "state5": [["xpath /HTML[1]/BODY[1]/DIV[2]/DIV[1]/FORM[1]/FIELDSET[1]/DIV[4]/BUTTON[1]", "xpath /HTML[1]/BODY[1]/DIV[2]/DIV[2]/DIV[2]/DIV[1]/DIV[4]/DIV[2]/DIV[1]/TABLE[1]/TBODY[1]/TR[4]/TD[6]/A[1]", "xpath /HTML[1]/BODY[1]/DIV[2]/DIV[2]/DIV[2]/DIV[1]/DIV[4]/DIV[2]/DIV[1]/TABLE[1]/TBODY[1]/TR[5]/TD[3]/A[1]", "xpath /HTML[1]/BODY[1]/DIV[2]/DIV[2]/DIV[1]/UL[1]/LI[1]/A[1]", "xpath /HTML[1]/BODY[1]/DIV[2]/DIV[2]/DIV[3]/DIV[1]/H2[1]/A[1]"], ["xpath /HTML[1]/BODY[1]/DIV[2]/DIV[1]/FORM[1]/FIELDSET[1]/DIV[4]/BUTTON[1]", "xpath /HTML[1]/BODY[1]/DIV[2]/DIV[2]/DIV[2]/DIV[1]/DIV[4]/DIV[2]/DIV[1]/TABLE[1]/TBODY[1]/TR[3]/TD[2]/A[1]", "xpath /HTML[1]/BODY[1]/DIV[2]/DIV[2]/DIV[2]/DIV[1]/DIV[4]/DIV[2]/DIV[1]/TABLE[1]/TBODY[1]/TR[3]/TD[3]/A[1]", "xpath /HTML[1]/BODY[1]/DIV[2]/DIV[2]/DIV[1]/UL[1]/LI[1]/A[1]", "xpath /HTML[1]/BODY[1]/DIV[2]/DIV[2]/DIV[3]/DIV[1]/H2[1]/A[1]"]], "state2": [["xpath /HTML[1]/BODY[1]/DIV[2]/DIV[1]/FORM[1]/FIELDSET[1]/DIV[4]/BUTTON[1]", "xpath /HTML[1]/BODY[1]/DIV[2]/DIV[2]/DIV[2]/DIV[1]/DIV[4]/DIV[2]/DIV[1]/TABLE[1]/TBODY[1]/TR[4]/TD[6]/A[1]"]], "state1": [["xpath /HTML[1]/BODY[1]/DIV[2]/DIV[1]/FORM[1]/FIELDSET[1]/DIV[4]/BUTTON[1]"]], "state4": [["xpath /HTML[1]/BODY[1]/DIV[2]/DIV[1]/FORM[1]/FIELDSET[1]/DIV[4]/BUTTON[1]", "xpath /HTML[1]/BODY[1]/DIV[2]/DIV[2]/DIV[2]/DIV[1]/DIV[4]/DIV[2]/DIV[1]/TABLE[1]/TBODY[1]/TR[4]/TD[6]/A[1]", "xpath /HTML[1]/BODY[1]/DIV[2]/DIV[2]/DIV[2]/DIV[1]/DIV[4]/DIV[2]/DIV[1]/TABLE[1]/TBODY[1]/TR[5]/TD[3]/A[1]", "xpath /HTML[1]/BODY[1]/DIV[2]/DIV[2]/DIV[1]/UL[1]/LI[1]/A[1]"], ["xpath /HTML[1]/BODY[1]/DIV[2]/DIV[1]/FORM[1]/FIELDSET[1]/DIV[4]/BUTTON[1]", "xpath /HTML[1]/BODY[1]/DIV[2]/DIV[2]/DIV[2]/DIV[1]/DIV[4]/DIV[2]/DIV[1]/TABLE[1]/TBODY[1]/TR[3]/TD[2]/A[1]", "xpath /HTML[1]/BODY[1]/DIV[2]/DIV[2]/DIV[2]/DIV[1]/DIV[4]/DIV[2]/DIV[1]/TABLE[1]/TBODY[1]/TR[3]/TD[3]/A[1]", "xpath /HTML[1]/BODY[1]/DIV[2]/DIV[2]/DIV[1]/UL[1]/LI[1]/A[1]"]], "state3": [["xpath /HTML[1]/BODY[1]/DIV[2]/DIV[1]/FORM[1]/FIELDSET[1]/DIV[4]/BUTTON[1]", "xpath /HTML[1]/BODY[1]/DIV[2]/DIV[2]/DIV[2]/DIV[1]/DIV[4]/DIV[2]/DIV[1]/TABLE[1]/TBODY[1]/TR[4]/TD[6]/A[1]", "xpath /HTML[1]/BODY[1]/DIV[2]/DIV[2]/DIV[2]/DIV[1]/DIV[4]/DIV[2]/DIV[1]/TABLE[1]/TBODY[1]/TR[5]/TD[3]/A[1]"], ["xpath /HTML[1]/BODY[1]/DIV[2]/DIV[1]/FORM[1]/FIELDSET[1]/DIV[4]/BUTTON[1]", "xpath /HTML[1]/BODY[1]/DIV[2]/DIV[2]/DIV[2]/DIV[1]/DIV[4]/DIV[2]/DIV[1]/TABLE[1]/TBODY[1]/TR[3]/TD[2]/A[1]", "xpath /HTML[1]/BODY[1]/DIV[2]/DIV[2]/DIV[2]/DIV[1]/DIV[4]/DIV[2]/DIV[1]/TABLE[1]/TBODY[1]/TR[3]/TD[3]/A[1]"]], "state19": [["xpath /HTML[1]/BODY[1]/DIV[2]/DIV[1]/FORM[1]/FIELDSET[1]/DIV[4]/BUTTON[1]", "xpath /HTML[1]/BODY[1]/DIV[2]/DIV[2]/DIV[2]/DIV[1]/DIV[4]/DIV[2]/DIV[1]/TABLE[1]/TBODY[1]/TR[4]/TD[6]/A[1]", "xpath /HTML[1]/BODY[1]/DIV[2]/DIV[2]/DIV[2]/DIV[1]/DIV[4]/DIV[2]/DIV[1]/TABLE[1]/TBODY[1]/TR[5]/TD[3]/A[1]", "xpath /HTML[1]/BODY[1]/DIV[2]/DIV[2]/DIV[1]/UL[1]/LI[1]/A[1]", "xpath /HTML[1]/BODY[1]/DIV[2]/DIV[2]/DIV[3]/DIV[1]/H2[1]/A[1]", "xpath /HTML[1]/BODY[1]/DIV[2]/DIV[2]/DIV[2]/DIV[1]/DIV[4]/DIV[2]/DIV[1]/TABLE[1]/TBODY[1]/TR[3]/TD[6]/A[1]", "xpath /HTML[1]/BODY[1]/DIV[2]/DIV[2]/DIV[1]/UL[1]/LI[2]/A[1]", "xpath /HTML[1]/BODY[1]/DIV[2]/DIV[2]/DIV[2]/DIV[1]/DIV[1]/DIV[2]/DIV[3]/DIV[1]/A[2]", "xpath /HTML[1]/BODY[1]/DIV[2]/DIV[2]/DIV[3]/DIV[2]/DIV[1]/UL[1]/LI[1]/A[1]", "xpath /HTML[1]/BODY[1]/DIV[2]/DIV[2]/DIV[3]/DIV[2]/H2[1]/A[1]", "xpath /HTML[1]/BODY[1]/DIV[2]/DIV[2]/DIV[3]/DIV[1]/H2[1]/A[1]", "xpath /HTML[1]/BODY[1]/DIV[2]/DIV[2]/DIV[2]/DIV[1]/DIV[1]/DIV[1]/A[1]", "xpath /HTML[1]/BODY[1]/DIV[2]/DIV[1]/DIV[1]/DIV[1]/DIV[2]/UL[1]/LI[3]/A[1]", "xpath /HTML[1]/BODY[1]/DIV[2]/DIV[2]/DIV[3]/DIV[2]/H2[1]/A[1]"], ["xpath /HTML[1]/BODY[1]/DIV[2]/DIV[1]/FORM[1]/FIELDSET[1]/DIV[4]/BUTTON[1]", "xpath /HTML[1]/BODY[1]/DIV[2]/DIV[2]/DIV[2]/DIV[1]/DIV[4]/DIV[2]/DIV[1]/TABLE[1]/TBODY[1]/TR[3]/TD[2]/A[1]", "xpath /HTML[1]/BODY[1]/DIV[2]/DIV[2]/DIV[2]/DIV[1]/DIV[4]/DIV[2]/DIV[1]/TABLE[1]/TBODY[1]/TR[3]/TD[3]/A[1]", "xpath /HTML[1]/BODY[1]/DIV[2]/DIV[2]/DIV[1]/UL[1]/LI[1]/A[1]", "xpath /HTML[1]/BODY[1]/DIV[2]/DIV[2]/DIV[3]/DIV[1]/H2[1]/A[1]", "xpath /HTML[1]/BODY[1]/DIV[2]/DIV[2]/DIV[2]/DIV[1]/DIV[4]/DIV[2]/DIV[1]/TABLE[1]/TBODY[1]/TR[3]/TD[6]/A[1]", "xpath /HTML[1]/BODY[1]/DIV[2]/DIV[2]/DIV[1]/UL[1]/LI[2]/A[1]", "xpath /HTML[1]/BODY[1]/DIV[2]/DIV[2]/DIV[2]/DIV[1]/DIV[1]/DIV[2]/DIV[3]/DIV[1]/A[2]", "xpath /HTML[1]/BODY[1]/DIV[2]/DIV[2]/DIV[3]/DIV[2]/DIV[1]/UL[1]/LI[1]/A[1]", "xpath /HTML[1]/BODY[1]/DIV[2]/DIV[2]/DIV[3]/DIV[2]/H2[1]/A[1]", "xpath /HTML[1]/BODY[1]/DIV[2]/DIV[2]/DIV[3]/DIV[1]/H2[1]/A[1]", "xpath /HTML[1]/BODY[1]/DIV[2]/DIV[2]/DIV[2]/DIV[1]/DIV[1]/DIV[1]/A[1]", "xpath /HTML[1]/BODY[1]/DIV[2]/DIV[1]/DIV[1]/DIV[1]/DIV[2]/UL[1]/LI[3]/A[1]", "xpath /HTML[1]/BODY[1]/DIV[2]/DIV[2]/DIV[3]/DIV[2]/H2[1]/A[1]"]], "state18": [["xpath /HTML[1]/BODY[1]/DIV[2]/DIV[1]/FORM[1]/FIELDSET[1]/DIV[4]/BUTTON[1]", "xpath /HTML[1]/BODY[1]/DIV[2]/DIV[2]/DIV[2]/DIV[1]/DIV[4]/DIV[2]/DIV[1]/TABLE[1]/TBODY[1]/TR[4]/TD[6]/A[1]", "xpath /HTML[1]/BODY[1]/DIV[2]/DIV[2]/DIV[2]/DIV[1]/DIV[4]/DIV[2]/DIV[1]/TABLE[1]/TBODY[1]/TR[5]/TD[3]/A[1]", "xpath /HTML[1]/BODY[1]/DIV[2]/DIV[2]/DIV[1]/UL[1]/LI[1]/A[1]", "xpath /HTML[1]/BODY[1]/DIV[2]/DIV[2]/DIV[3]/DIV[1]/H2[1]/A[1]", "xpath /HTML[1]/BODY[1]/DIV[2]/DIV[2]/DIV[2]/DIV[1]/DIV[4]/DIV[2]/DIV[1]/TABLE[1]/TBODY[1]/TR[3]/TD[6]/A[1]", "xpath /HTML[1]/BODY[1]/DIV[2]/DIV[2]/DIV[1]/UL[1]/LI[2]/A[1]", "xpath /HTML[1]/BODY[1]/DIV[2]/DIV[2]/DIV[2]/DIV[1]/DIV[1]/DIV[2]/DIV[3]/DIV[1]/A[2]", "xpath /HTML[1]/BODY[1]/DIV[2]/DIV[2]/DIV[3]/DIV[2]/DIV[1]/UL[1]/LI[1]/A[1]", "xpath /HTML[1]/BODY[1]/DIV[2]/DIV[2]/DIV[3]/DIV[2]/H2[1]/A[1]", "xpath /HTML[1]/BODY[1]/DIV[2]/DIV[2]/DIV[3]/DIV[1]/H2[1]/A[1]", "xpath /HTML[1]/BODY[1]/DIV[2]/DIV[2]/DIV[2]/DIV[1]/DIV[1]/DIV[1]/A[1]", "xpath /HTML[1]/BODY[1]/DIV[2]/DIV[1]/DIV[1]/DIV[1]/DIV[2]/UL[1]/LI[3]/A[1]"], ["xpath /HTML[1]/BODY[1]/DIV[2]/DIV[1]/FORM[1]/FIELDSET[1]/DIV[4]/BUTTON[1]", "xpath /HTML[1]/BODY[1]/DIV[2]/DIV[2]/DIV[2]/DIV[1]/DIV[4]/DIV[2]/DIV[1]/TABLE[1]/TBODY[1]/TR[3]/TD[2]/A[1]", "xpath /HTML[1]/BODY[1]/DIV[2]/DIV[2]/DIV[2]/DIV[1]/DIV[4]/DIV[2]/DIV[1]/TABLE[1]/TBODY[1]/TR[3]/TD[3]/A[1]", "xpath /HTML[1]/BODY[1]/DIV[2]/DIV[2]/DIV[1]/UL[1]/LI[1]/A[1]", "xpath /HTML[1]/BODY[1]/DIV[2]/DIV[2]/DIV[3]/DIV[1]/H2[1]/A[1]", "xpath /HTML[1]/BODY[1]/DIV[2]/DIV[2]/DIV[2]/DIV[1]/DIV[4]/DIV[2]/DIV[1]/TABLE[1]/TBODY[1]/TR[3]/TD[6]/A[1]", "xpath /HTML[1]/BODY[1]/DIV[2]/DIV[2]/DIV[1]/UL[1]/LI[2]/A[1]", "xpath /HTML[1]/BODY[1]/DIV[2]/DIV[2]/DIV[2]/DIV[1]/DIV[1]/DIV[2]/DIV[3]/DIV[1]/A[2]", "xpath /HTML[1]/BODY[1]/DIV[2]/DIV[2]/DIV[3]/DIV[2]/DIV[1]/UL[1]/LI[1]/A[1]", "xpath /HTML[1]/BODY[1]/DIV[2]/DIV[2]/DIV[3]/DIV[2]/H2[1]/A[1]", "xpath /HTML[1]/BODY[1]/DIV[2]/DIV[2]/DIV[3]/DIV[1]/H2[1]/A[1]", "xpath /HTML[1]/BODY[1]/DIV[2]/DIV[2]/DIV[2]/DIV[1]/DIV[1]/DIV[1]/A[1]", "xpath /HTML[1]/BODY[1]/DIV[2]/DIV[1]/DIV[1]/DIV[1]/DIV[2]/UL[1]/LI[3]/A[1]"]], "state29": [["xpath /HTML[1]/BODY[1]/DIV[2]/DIV[1]/FORM[1]/FIELDSET[1]/DIV[4]/BUTTON[1]", "xpath /HTML[1]/BODY[1]/DIV[2]/DIV[2]/DIV[2]/DIV[1]/DIV[4]/DIV[2]/DIV[1]/TABLE[1]/TBODY[1]/TR[4]/TD[6]/A[1]", "xpath /HTML[1]/BODY[1]/DIV[2]/DIV[2]/DIV[2]/DIV[1]/DIV[4]/DIV[2]/DIV[1]/TABLE[1]/TBODY[1]/TR[5]/TD[3]/A[1]", "xpath /HTML[1]/BODY[1]/DIV[2]/DIV[2]/DIV[3]/DIV[1]/H2[1]/A[1]"], ["xpath /HTML[1]/BODY[1]/DIV[2]/DIV[1]/FORM[1]/FIELDSET[1]/DIV[4]/BUTTON[1]", "xpath /HTML[1]/BODY[1]/DIV[2]/DIV[2]/DIV[2]/DIV[1]/DIV[4]/DIV[2]/DIV[1]/TABLE[1]/TBODY[1]/TR[3]/TD[2]/A[1]", "xpath /HTML[1]/BODY[1]/DIV[2]/DIV[2]/DIV[2]/DIV[1]/DIV[4]/DIV[2]/DIV[1]/TABLE[1]/TBODY[1]/TR[3]/TD[3]/A[1]", "xpath /HTML[1]/BODY[1]/DIV[2]/DIV[2]/DIV[3]/DIV[1]/H2[1]/A[1]"]], "state13": [["xpath /HTML[1]/BODY[1]/DIV[2]/DIV[1]/FORM[1]/FIELDSET[1]/DIV[4]/BUTTON[1]", "xpath /HTML[1]/BODY[1]/DIV[2]/DIV[2]/DIV[2]/DIV[1]/DIV[4]/DIV[2]/DIV[1]/TABLE[1]/TBODY[1]/TR[4]/TD[6]/A[1]", "xpath /HTML[1]/BODY[1]/DIV[2]/DIV[2]/DIV[2]/DIV[1]/DIV[4]/DIV[2]/DIV[1]/TABLE[1]/TBODY[1]/TR[5]/TD[3]/A[1]", "xpath /HTML[1]/BODY[1]/DIV[2]/DIV[2]/DIV[1]/UL[1]/LI[1]/A[1]", "xpath /HTML[1]/BODY[1]/DIV[2]/DIV[2]/DIV[3]/DIV[1]/H2[1]/A[1]", "xpath /HTML[1]/BODY[1]/DIV[2]/DIV[2]/DIV[2]/DIV[1]/DIV[4]/DIV[2]/DIV[1]/TABLE[1]/TBODY[1]/TR[3]/TD[6]/A[1]", "xpath /HTML[1]/BODY[1]/DIV[2]/DIV[2]/DIV[1]/UL[1]/LI[2]/A[1]", "xpath /HTML[1]/BODY[1]/DIV[2]/DIV[2]/DIV[2]/DIV[1]/DIV[1]/DIV[2]/DIV[3]/DIV[1]/A[2]"], ["xpath /HTML[1]/BODY[1]/DIV[2]/DIV[1]/FORM[1]/FIELDSET[1]/DIV[4]/BUTTON[1]", "xpath /HTML[1]/BODY[1]/DIV[2]/DIV[2]/DIV[2]/DIV[1]/DIV[4]/DIV[2]/DIV[1]/TABLE[1]/TBODY[1]/TR[3]/TD[2]/A[1]", "xpath /HTML[1]/BODY[1]/DIV[2]/DIV[2]/DIV[2]/DIV[1]/DIV[4]/DIV[2]/DIV[1]/TABLE[1]/TBODY[1]/TR[3]/TD[3]/A[1]", "xpath /HTML[1]/BODY[1]/DIV[2]/DIV[2]/DIV[1]/UL[1]/LI[1]/A[1]", "xpath /HTML[1]/BODY[1]/DIV[2]/DIV[2]/DIV[3]/DIV[1]/H2[1]/A[1]", "xpath /HTML[1]/BODY[1]/DIV[2]/DIV[2]/DIV[2]/DIV[1]/DIV[4]/DIV[2]/DIV[1]/TABLE[1]/TBODY[1]/TR[3]/TD[6]/A[1]", "xpath /HTML[1]/BODY[1]/DIV[2]/DIV[2]/DIV[1]/UL[1]/LI[2]/A[1]", "xpath /HTML[1]/BODY[1]/DIV[2]/DIV[2]/DIV[2]/DIV[1]/DIV[1]/DIV[2]/DIV[3]/DIV[1]/A[2]"]], "state12": [["xpath /HTML[1]/BODY[1]/DIV[2]/DIV[1]/FORM[1]/FIELDSET[1]/DIV[4]/BUTTON[1]", "xpath /HTML[1]/BODY[1]/DIV[2]/DIV[2]/DIV[2]/DIV[1]/DIV[4]/DIV[2]/DIV[1]/TABLE[1]/TBODY[1]/TR[4]/TD[6]/A[1]", "xpath /HTML[1]/BODY[1]/DIV[2]/DIV[2]/DIV[2]/DIV[1]/DIV[4]/DIV[2]/DIV[1]/TABLE[1]/TBODY[1]/TR[5]/TD[3]/A[1]", "xpath /HTML[1]/BODY[1]/DIV[2]/DIV[2]/DIV[1]/UL[1]/LI[1]/A[1]", "xpath /HTML[1]/BODY[1]/DIV[2]/DIV[2]/DIV[3]/DIV[1]/H2[1]/A[1]", "xpath /HTML[1]/BODY[1]/DIV[2]/DIV[2]/DIV[2]/DIV[1]/DIV[4]/DIV[2]/DIV[1]/TABLE[1]/TBODY[1]/TR[3]/TD[6]/A[1]", "xpath /HTML[1]/BODY[1]/DIV[2]/DIV[2]/DIV[1]/UL[1]/LI[2]/A[1]"], ["xpath /HTML[1]/BODY[1]/DIV[2]/DIV[1]/FORM[1]/FIELDSET[1]/DIV[4]/BUTTON[1]", "xpath /HTML[1]/BODY[1]/DIV[2]/DIV[2]/DIV[2]/DIV[1]/DIV[4]/DIV[2]/DIV[1]/TABLE[1]/TBODY[1]/TR[3]/TD[2]/A[1]", "xpath /HTML[1]/BODY[1]/DIV[2]/DIV[2]/DIV[2]/DIV[1]/DIV[4]/DIV[2]/DIV[1]/TABLE[1]/TBODY[1]/TR[3]/TD[3]/A[1]", "xpath /HTML[1]/BODY[1]/DIV[2]/DIV[2]/DIV[1]/UL[1]/LI[1]/A[1]", "xpath /HTML[1]/BODY[1]/DIV[2]/DIV[2]/DIV[3]/DIV[1]/H2[1]/A[1]", "xpath /HTML[1]/BODY[1]/DIV[2]/DIV[2]/DIV[2]/DIV[1]/DIV[4]/DIV[2]/DIV[1]/TABLE[1]/TBODY[1]/TR[3]/TD[6]/A[1]", "xpath /HTML[1]/BODY[1]/DIV[2]/DIV[2]/DIV[1]/UL[1]/LI[2]/A[1]"]], "state22": [["xpath /HTML[1]/BODY[1]/DIV[2]/DIV[1]/FORM[1]/FIELDSET[1]/DIV[4]/BUTTON[1]", "xpath /HTML[1]/BODY[1]/DIV[2]/DIV[2]/DIV[2]/DIV[1]/DIV[4]/DIV[2]/DIV[1]/TABLE[1]/TBODY[1]/TR[4]/TD[6]/A[1]", "xpath /HTML[1]/BODY[1]/DIV[2]/DIV[2]/DIV[2]/DIV[1]/DIV[4]/DIV[2]/DIV[1]/TABLE[1]/TBODY[1]/TR[5]/TD[3]/A[1]", "xpath /HTML[1]/BODY[1]/DIV[2]/DIV[2]/DIV[1]/UL[1]/LI[1]/A[1]", "xpath /HTML[1]/BODY[1]/DIV[2]/DIV[2]/DIV[3]/DIV[1]/H2[1]/A[1]", "xpath /HTML[1]/BODY[1]/DIV[2]/DIV[2]/DIV[2]/DIV[1]/DIV[4]/DIV[2]/DIV[1]/TABLE[1]/TBODY[1]/TR[3]/TD[6]/A[1]", "xpath /HTML[1]/BODY[1]/DIV[2]/DIV[2]/DIV[1]/UL[1]/LI[2]/A[1]", "xpath /HTML[1]/BODY[1]/DIV[2]/DIV[2]/DIV[2]/DIV[1]/DIV[1]/DIV[2]/DIV[3]/DIV[1]/A[2]", "xpath /HTML[1]/BODY[1]/DIV[2]/DIV[2]/DIV[3]/DIV[2]/DIV[1]/UL[1]/LI[1]/A[1]", "xpath /HTML[1]/BODY[1]/DIV[2]/DIV[2]/DIV[3]/DIV[2]/H2[1]/A[1]", "xpath /HTML[1]/BODY[1]/DIV[2]/DIV[2]/DIV[3]/DIV[1]/H2[1]/A[1]", "xpath /HTML[1]/BODY[1]/DIV[2]/DIV[2]/DIV[2]/DIV[1]/DIV[1]/DIV[1]/A[1]", "xpath /HTML[1]/BODY[1]/DIV[2]/DIV[1]/DIV[1]/DIV[1]/DIV[2]/UL[1]/LI[3]/A[1]", "xpath /HTML[1]/BODY[1]/DIV[2]/DIV[2]/DIV[3]/DIV[2]/H2[1]/A[1]", "xpath /HTML[1]/BODY[1]/DIV[2]/DIV[2]/DIV[2]/DIV[1]/DIV[1]/DIV[3]/DIV[3]/DIV[1]/A[1]", "xpath /HTML[1]/BODY[1]/DIV[2]/DIV[1]/DIV[1]/DIV[1]/DIV[2]/UL[1]/LI[3]/A[1]", "xpath /HTML[1]/BODY[1]/DIV[2]/DIV[2]/DIV[1]/UL[1]/LI[2]/A[1]"], ["xpath /HTML[1]/BODY[1]/DIV[2]/DIV[1]/FORM[1]/FIELDSET[1]/DIV[4]/BUTTON[1]", "xpath /HTML[1]/BODY[1]/DIV[2]/DIV[2]/DIV[2]/DIV[1]/DIV[4]/DIV[2]/DIV[1]/TABLE[1]/TBODY[1]/TR[3]/TD[2]/A[1]", "xpath /HTML[1]/BODY[1]/DIV[2]/DIV[2]/DIV[2]/DIV[1]/DIV[4]/DIV[2]/DIV[1]/TABLE[1]/TBODY[1]/TR[3]/TD[3]/A[1]", "xpath /HTML[1]/BODY[1]/DIV[2]/DIV[2]/DIV[1]/UL[1]/LI[1]/A[1]", "xpath /HTML[1]/BODY[1]/DIV[2]/DIV[2]/DIV[3]/DIV[1]/H2[1]/A[1]", "xpath /HTML[1]/BODY[1]/DIV[2]/DIV[2]/DIV[2]/DIV[1]/DIV[4]/DIV[2]/DIV[1]/TABLE[1]/TBODY[1]/TR[3]/TD[6]/A[1]", "xpath /HTML[1]/BODY[1]/DIV[2]/DIV[2]/DIV[1]/UL[1]/LI[2]/A[1]", "xpath /HTML[1]/BODY[1]/DIV[2]/DIV[2]/DIV[2]/DIV[1]/DIV[1]/DIV[2]/DIV[3]/DIV[1]/A[2]", "xpath /HTML[1]/BODY[1]/DIV[2]/DIV[2]/DIV[3]/DIV[2]/DIV[1]/UL[1]/LI[1]/A[1]", "xpath /HTML[1]/BODY[1]/DIV[2]/DIV[2]/DIV[3]/DIV[2]/H2[1]/A[1]", "xpath /HTML[1]/BODY[1]/DIV[2]/DIV[2]/DIV[3]/DIV[1]/H2[1]/A[1]", "xpath /HTML[1]/BODY[1]/DIV[2]/DIV[2]/DIV[2]/DIV[1]/DIV[1]/DIV[1]/A[1]", "xpath /HTML[1]/BODY[1]/DIV[2]/DIV[1]/DIV[1]/DIV[1]/DIV[2]/UL[1]/LI[3]/A[1]", "xpath /HTML[1]/BODY[1]/DIV[2]/DIV[2]/DIV[3]/DIV[2]/H2[1]/A[1]", "xpath /HTML[1]/BODY[1]/DIV[2]/DIV[2]/DIV[2]/DIV[1]/DIV[1]/DIV[3]/DIV[3]/DIV[1]/A[1]", "xpath /HTML[1]/BODY[1]/DIV[2]/DIV[1]/DIV[1]/DIV[1]/DIV[2]/UL[1]/LI[3]/A[1]", "xpath /HTML[1]/BODY[1]/DIV[2]/DIV[2]/DIV[1]/UL[1]/LI[2]/A[1]"]], "state21": [["xpath /HTML[1]/BODY[1]/DIV[2]/DIV[1]/FORM[1]/FIELDSET[1]/DIV[4]/BUTTON[1]", "xpath /HTML[1]/BODY[1]/DIV[2]/DIV[2]/DIV[2]/DIV[1]/DIV[4]/DIV[2]/DIV[1]/TABLE[1]/TBODY[1]/TR[4]/TD[6]/A[1]", "xpath /HTML[1]/BODY[1]/DIV[2]/DIV[2]/DIV[2]/DIV[1]/DIV[4]/DIV[2]/DIV[1]/TABLE[1]/TBODY[1]/TR[5]/TD[3]/A[1]", "xpath /HTML[1]/BODY[1]/DIV[2]/DIV[2]/DIV[1]/UL[1]/LI[1]/A[1]", "xpath /HTML[1]/BODY[1]/DIV[2]/DIV[2]/DIV[3]/DIV[1]/H2[1]/A[1]", "xpath /HTML[1]/BODY[1]/DIV[2]/DIV[2]/DIV[2]/DIV[1]/DIV[4]/DIV[2]/DIV[1]/TABLE[1]/TBODY[1]/TR[3]/TD[6]/A[1]", "xpath /HTML[1]/BODY[1]/DIV[2]/DIV[2]/DIV[1]/UL[1]/LI[2]/A[1]", "xpath /HTML[1]/BODY[1]/DIV[2]/DIV[2]/DIV[2]/DIV[1]/DIV[1]/DIV[2]/DIV[3]/DIV[1]/A[2]", "xpath /HTML[1]/BODY[1]/DIV[2]/DIV[2]/DIV[3]/DIV[2]/DIV[1]/UL[1]/LI[1]/A[1]", "xpath /HTML[1]/BODY[1]/DIV[2]/DIV[2]/DIV[3]/DIV[2]/H2[1]/A[1]", "xpath /HTML[1]/BODY[1]/DIV[2]/DIV[2]/DIV[3]/DIV[1]/H2[1]/A[1]", "xpath /HTML[1]/BODY[1]/DIV[2]/DIV[2]/DIV[2]/DIV[1]/DIV[1]/DIV[1]/A[1]", "xpath /HTML[1]/BODY[1]/DIV[2]/DIV[1]/DIV[1]/DIV[1]/DIV[2]/UL[1]/LI[3]/A[1]", "xpath /HTML[1]/BODY[1]/DIV[2]/DIV[2]/DIV[3]/DIV[2]/H2[1]/A[1]", "xpath /HTML[1]/BODY[1]/DIV[2]/DIV[2]/DIV[2]/DIV[1]/DIV[1]/DIV[3]/DIV[3]/DIV[1]/A[1]", "xpath /HTML[1]/BODY[1]/DIV[2]/DIV[1]/DIV[1]/DIV[1]/DIV[2]/UL[1]/LI[3]/A[1]"], ["xpath /HTML[1]/BODY[1]/DIV[2]/DIV[1]/FORM[1]/FIELDSET[1]/DIV[4]/BUTTON[1]", "xpath /HTML[1]/BODY[1]/DIV[2]/DIV[2]/DIV[2]/DIV[1]/DIV[4]/DIV[2]/DIV[1]/TABLE[1]/TBODY[1]/TR[3]/TD[2]/A[1]", "xpath /HTML[1]/BODY[1]/DIV[2]/DIV[2]/DIV[2]/DIV[1]/DIV[4]/DIV[2]/DIV[1]/TABLE[1]/TBODY[1]/TR[3]/TD[3]/A[1]", "xpath /HTML[1]/BODY[1]/DIV[2]/DIV[2]/DIV[1]/UL[1]/LI[1]/A[1]", "xpath /HTML[1]/BODY[1]/DIV[2]/DIV[2]/DIV[3]/DIV[1]/H2[1]/A[1]", "xpath /HTML[1]/BODY[1]/DIV[2]/DIV[2]/DIV[2]/DIV[1]/DIV[4]/DIV[2]/DIV[1]/TABLE[1]/TBODY[1]/TR[3]/TD[6]/A[1]", "xpath /HTML[1]/BODY[1]/DIV[2]/DIV[2]/DIV[1]/UL[1]/LI[2]/A[1]", "xpath /HTML[1]/BODY[1]/DIV[2]/DIV[2]/DIV[2]/DIV[1]/DIV[1]/DIV[2]/DIV[3]/DIV[1]/A[2]", "xpath /HTML[1]/BODY[1]/DIV[2]/DIV[2]/DIV[3]/DIV[2]/DIV[1]/UL[1]/LI[1]/A[1]", "xpath /HTML[1]/BODY[1]/DIV[2]/DIV[2]/DIV[3]/DIV[2]/H2[1]/A[1]", "xpath /HTML[1]/BODY[1]/DIV[2]/DIV[2]/DIV[3]/DIV[1]/H2[1]/A[1]", "xpath /HTML[1]/BODY[1]/DIV[2]/DIV[2]/DIV[2]/DIV[1]/DIV[1]/DIV[1]/A[1]", "xpath /HTML[1]/BODY[1]/DIV[2]/DIV[1]/DIV[1]/DIV[1]/DIV[2]/UL[1]/LI[3]/A[1]", "xpath /HTML[1]/BODY[1]/DIV[2]/DIV[2]/DIV[3]/DIV[2]/H2[1]/A[1]", "xpath /HTML[1]/BODY[1]/DIV[2]/DIV[2]/DIV[2]/DIV[1]/DIV[1]/DIV[3]/DIV[3]/DIV[1]/A[1]", "xpath /HTML[1]/BODY[1]/DIV[2]/DIV[1]/DIV[1]/DIV[1]/DIV[2]/UL[1]/LI[3]/A[1]"]], "state32": [["xpath /HTML[1]/BODY[1]/DIV[2]/DIV[1]/FORM[1]/FIELDSET[1]/DIV[4]/BUTTON[1]", "xpath /HTML[1]/BODY[1]/DIV[2]/DIV[2]/DIV[2]/DIV[1]/DIV[4]/DIV[2]/DIV[1]/TABLE[1]/TBODY[1]/TR[4]/TD[6]/A[1]", "xpath /HTML[1]/BODY[1]/DIV[2]/DIV[2]/DIV[1]/UL[1]/LI[3]/A[1]", "xpath /HTML[1]/BODY[1]/DIV[2]/DIV[2]/DIV[3]/DIV[1]/FORM[1]/FIELDSET[1]/BUTTON[1]"]], "state17": [["xpath /HTML[1]/BODY[1]/DIV[2]/DIV[1]/FORM[1]/FIELDSET[1]/DIV[4]/BUTTON[1]", "xpath /HTML[1]/BODY[1]/DIV[2]/DIV[2]/DIV[2]/DIV[1]/DIV[4]/DIV[2]/DIV[1]/TABLE[1]/TBODY[1]/TR[4]/TD[6]/A[1]", "xpath /HTML[1]/BODY[1]/DIV[2]/DIV[2]/DIV[2]/DIV[1]/DIV[4]/DIV[2]/DIV[1]/TABLE[1]/TBODY[1]/TR[5]/TD[3]/A[1]", "xpath /HTML[1]/BODY[1]/DIV[2]/DIV[2]/DIV[1]/UL[1]/LI[1]/A[1]", "xpath /HTML[1]/BODY[1]/DIV[2]/DIV[2]/DIV[3]/DIV[1]/H2[1]/A[1]", "xpath /HTML[1]/BODY[1]/DIV[2]/DIV[2]/DIV[2]/DIV[1]/DIV[4]/DIV[2]/DIV[1]/TABLE[1]/TBODY[1]/TR[3]/TD[6]/A[1]", "xpath /HTML[1]/BODY[1]/DIV[2]/DIV[2]/DIV[1]/UL[1]/LI[2]/A[1]", "xpath /HTML[1]/BODY[1]/DIV[2]/DIV[2]/DIV[2]/DIV[1]/DIV[1]/DIV[2]/DIV[3]/DIV[1]/A[2]", "xpath /HTML[1]/BODY[1]/DIV[2]/DIV[2]/DIV[3]/DIV[2]/DIV[1]/UL[1]/LI[1]/A[1]", "xpath /HTML[1]/BODY[1]/DIV[2]/DIV[2]/DIV[3]/DIV[2]/H2[1]/A[1]", "xpath /HTML[1]/BODY[1]/DIV[2]/DIV[2]/DIV[3]/DIV[1]/H2[1]/A[1]", "xpath /HTML[1]/BODY[1]/DIV[2]/DIV[2]/DIV[2]/DIV[1]/DIV[1]/DIV[1]/A[1]"], ["xpath /HTML[1]/BODY[1]/DIV[2]/DIV[1]/FORM[1]/FIELDSET[1]/DIV[4]/BUTTON[1]", "xpath /HTML[1]/BODY[1]/DIV[2]/DIV[2]/DIV[2]/DIV[1]/DIV[4]/DIV[2]/DIV[1]/TABLE[1]/TBODY[1]/TR[3]/TD[2]/A[1]", "xpath /HTML[1]/BODY[1]/DIV[2]/DIV[2]/DIV[2]/DIV[1]/DIV[4]/DIV[2]/DIV[1]/TABLE[1]/TBODY[1]/TR[3]/TD[3]/A[1]", "xpath /HTML[1]/BODY[1]/DIV[2]/DIV[2]/DIV[1]/UL[1]/LI[1]/A[1]", "xpath /HTML[1]/BODY[1]/DIV[2]/DIV[2]/DIV[3]/DIV[1]/H2[1]/A[1]", "xpath /HTML[1]/BODY[1]/DIV[2]/DIV[2]/DIV[2]/DIV[1]/DIV[4]/DIV[2]/DIV[1]/TABLE[1]/TBODY[1]/TR[3]/TD[6]/A[1]", "xpath /HTML[1]/BODY[1]/DIV[2]/DIV[2]/DIV[1]/UL[1]/LI[2]/A[1]", "xpath /HTML[1]/BODY[1]/DIV[2]/DIV[2]/DIV[2]/DIV[1]/DIV[1]/DIV[2]/DIV[3]/DIV[1]/A[2]", "xpath /HTML[1]/BODY[1]/DIV[2]/DIV[2]/DIV[3]/DIV[2]/DIV[1]/UL[1]/LI[1]/A[1]", "xpath /HTML[1]/BODY[1]/DIV[2]/DIV[2]/DIV[3]/DIV[2]/H2[1]/A[1]", "xpath /HTML[1]/BODY[1]/DIV[2]/DIV[2]/DIV[3]/DIV[1]/H2[1]/A[1]", "xpath /HTML[1]/BODY[1]/DIV[2]/DIV[2]/DIV[2]/DIV[1]/DIV[1]/DIV[1]/A[1]"]], "state16": [["xpath /HTML[1]/BODY[1]/DIV[2]/DIV[1]/FORM[1]/FIELDSET[1]/DIV[4]/BUTTON[1]", "xpath /HTML[1]/BODY[1]/DIV[2]/DIV[2]/DIV[2]/DIV[1]/DIV[4]/DIV[2]/DIV[1]/TABLE[1]/TBODY[1]/TR[4]/TD[6]/A[1]", "xpath /HTML[1]/BODY[1]/DIV[2]/DIV[2]/DIV[2]/DIV[1]/DIV[4]/DIV[2]/DIV[1]/TABLE[1]/TBODY[1]/TR[5]/TD[3]/A[1]", "xpath /HTML[1]/BODY[1]/DIV[2]/DIV[2]/DIV[1]/UL[1]/LI[1]/A[1]", "xpath /HTML[1]/BODY[1]/DIV[2]/DIV[2]/DIV[3]/DIV[1]/H2[1]/A[1]", "xpath /HTML[1]/BODY[1]/DIV[2]/DIV[2]/DIV[2]/DIV[1]/DIV[4]/DIV[2]/DIV[1]/TABLE[1]/TBODY[1]/TR[3]/TD[6]/A[1]", "xpath /HTML[1]/BODY[1]/DIV[2]/DIV[2]/DIV[1]/UL[1]/LI[2]/A[1]", "xpath /HTML[1]/BODY[1]/DIV[2]/DIV[2]/DIV[2]/DIV[1]/DIV[1]/DIV[2]/DIV[3]/DIV[1]/A[2]", "xpath /HTML[1]/BODY[1]/DIV[2]/DIV[2]/DIV[3]/DIV[2]/DIV[1]/UL[1]/LI[1]/A[1]", "xpath /HTML[1]/BODY[1]/DIV[2]/DIV[2]/DIV[3]/DIV[2]/H2[1]/A[1]", "xpath /HTML[1]/BODY[1]/DIV[2]/DIV[2]/DIV[3]/DIV[1]/H2[1]/A[1]"], ["xpath /HTML[1]/BODY[1]/DIV[2]/DIV[1]/FORM[1]/FIELDSET[1]/DIV[4]/BUTTON[1]", "xpath /HTML[1]/BODY[1]/DIV[2]/DIV[2]/DIV[2]/DIV[1]/DIV[4]/DIV[2]/DIV[1]/TABLE[1]/TBODY[1]/TR[3]/TD[2]/A[1]", "xpath /HTML[1]/BODY[1]/DIV[2]/DIV[2]/DIV[2]/DIV[1]/DIV[4]/DIV[2]/DIV[1]/TABLE[1]/TBODY[1]/TR[3]/TD[3]/A[1]", "xpath /HTML[1]/BODY[1]/DIV[2]/DIV[2]/DIV[1]/UL[1]/LI[1]/A[1]", "xpath /HTML[1]/BODY[1]/DIV[2]/DIV[2]/DIV[3]/DIV[1]/H2[1]/A[1]", "xpath /HTML[1]/BODY[1]/DIV[2]/DIV[2]/DIV[2]/DIV[1]/DIV[4]/DIV[2]/DIV[1]/TABLE[1]/TBODY[1]/TR[3]/TD[6]/A[1]", "xpath /HTML[1]/BODY[1]/DIV[2]/DIV[2]/DIV[1]/UL[1]/LI[2]/A[1]", "xpath /HTML[1]/BODY[1]/DIV[2]/DIV[2]/DIV[2]/DIV[1]/DIV[1]/DIV[2]/DIV[3]/DIV[1]/A[2]", "xpath /HTML[1]/BODY[1]/DIV[2]/DIV[2]/DIV[3]/DIV[2]/DIV[1]/UL[1]/LI[1]/A[1]", "xpath /HTML[1]/BODY[1]/DIV[2]/DIV[2]/DIV[3]/DIV[2]/H2[1]/A[1]", "xpath /HTML[1]/BODY[1]/DIV[2]/DIV[2]/DIV[3]/DIV[1]/H2[1]/A[1]"]], "state15": [["xpath /HTML[1]/BODY[1]/DIV[2]/DIV[1]/FORM[1]/FIELDSET[1]/DIV[4]/BUTTON[1]", "xpath /HTML[1]/BODY[1]/DIV[2]/DIV[2]/DIV[2]/DIV[1]/DIV[4]/DIV[2]/DIV[1]/TABLE[1]/TBODY[1]/TR[4]/TD[6]/A[1]", "xpath /HTML[1]/BODY[1]/DIV[2]/DIV[2]/DIV[2]/DIV[1]/DIV[4]/DIV[2]/DIV[1]/TABLE[1]/TBODY[1]/TR[5]/TD[3]/A[1]", "xpath /HTML[1]/BODY[1]/DIV[2]/DIV[2]/DIV[1]/UL[1]/LI[1]/A[1]", "xpath /HTML[1]/BODY[1]/DIV[2]/DIV[2]/DIV[3]/DIV[1]/H2[1]/A[1]", "xpath /HTML[1]/BODY[1]/DIV[2]/DIV[2]/DIV[2]/DIV[1]/DIV[4]/DIV[2]/DIV[1]/TABLE[1]/TBODY[1]/TR[3]/TD[6]/A[1]", "xpath /HTML[1]/BODY[1]/DIV[2]/DIV[2]/DIV[1]/UL[1]/LI[2]/A[1]", "xpath /HTML[1]/BODY[1]/DIV[2]/DIV[2]/DIV[2]/DIV[1]/DIV[1]/DIV[2]/DIV[3]/DIV[1]/A[2]", "xpath /HTML[1]/BODY[1]/DIV[2]/DIV[2]/DIV[3]/DIV[2]/DIV[1]/UL[1]/LI[1]/A[1]", "xpath /HTML[1]/BODY[1]/DIV[2]/DIV[2]/DIV[3]/DIV[2]/H2[1]/A[1]"], ["xpath /HTML[1]/BODY[1]/DIV[2]/DIV[1]/FORM[1]/FIELDSET[1]/DIV[4]/BUTTON[1]", "xpath /HTML[1]/BODY[1]/DIV[2]/DIV[2]/DIV[2]/DIV[1]/DIV[4]/DIV[2]/DIV[1]/TABLE[1]/TBODY[1]/TR[3]/TD[2]/A[1]", "xpath /HTML[1]/BODY[1]/DIV[2]/DIV[2]/DIV[2]/DIV[1]/DIV[4]/DIV[2]/DIV[1]/TABLE[1]/TBODY[1]/TR[3]/TD[3]/A[1]", "xpath /HTML[1]/BODY[1]/DIV[2]/DIV[2]/DIV[1]/UL[1]/LI[1]/A[1]", "xpath /HTML[1]/BODY[1]/DIV[2]/DIV[2]/DIV[3]/DIV[1]/H2[1]/A[1]", "xpath /HTML[1]/BODY[1]/DIV[2]/DIV[2]/DIV[2]/DIV[1]/DIV[4]/DIV[2]/DIV[1]/TABLE[1]/TBODY[1]/TR[3]/TD[6]/A[1]", "xpath /HTML[1]/BODY[1]/DIV[2]/DIV[2]/DIV[1]/UL[1]/LI[2]/A[1]", "xpath /HTML[1]/BODY[1]/DIV[2]/DIV[2]/DIV[2]/DIV[1]/DIV[1]/DIV[2]/DIV[3]/DIV[1]/A[2]", "xpath /HTML[1]/BODY[1]/DIV[2]/DIV[2]/DIV[3]/DIV[2]/DIV[1]/UL[1]/LI[1]/A[1]", "xpath /HTML[1]/BODY[1]/DIV[2]/DIV[2]/DIV[3]/DIV[2]/H2[1]/A[1]"]], "state26": [["xpath /HTML[1]/BODY[1]/DIV[2]/DIV[1]/FORM[1]/FIELDSET[1]/DIV[4]/BUTTON[1]", "xpath /HTML[1]/BODY[1]/DIV[2]/DIV[2]/DIV[2]/DIV[1]/DIV[4]/DIV[2]/DIV[1]/TABLE[1]/TBODY[1]/TR[3]/TD[2]/A[1]"]], "state14": [["xpath /HTML[1]/BODY[1]/DIV[2]/DIV[1]/FORM[1]/FIELDSET[1]/DIV[4]/BUTTON[1]", "xpath /HTML[1]/BODY[1]/DIV[2]/DIV[2]/DIV[2]/DIV[1]/DIV[4]/DIV[2]/DIV[1]/TABLE[1]/TBODY[1]/TR[4]/TD[6]/A[1]", "xpath /HTML[1]/BODY[1]/DIV[2]/DIV[2]/DIV[2]/DIV[1]/DIV[4]/DIV[2]/DIV[1]/TABLE[1]/TBODY[1]/TR[5]/TD[3]/A[1]", "xpath /HTML[1]/BODY[1]/DIV[2]/DIV[2]/DIV[1]/UL[1]/LI[1]/A[1]", "xpath /HTML[1]/BODY[1]/DIV[2]/DIV[2]/DIV[3]/DIV[1]/H2[1]/A[1]", "xpath /HTML[1]/BODY[1]/DIV[2]/DIV[2]/DIV[2]/DIV[1]/DIV[4]/DIV[2]/DIV[1]/TABLE[1]/TBODY[1]/TR[3]/TD[6]/A[1]", "xpath /HTML[1]/BODY[1]/DIV[2]/DIV[2]/DIV[1]/UL[1]/LI[2]/A[1]", "xpath /HTML[1]/BODY[1]/DIV[2]/DIV[2]/DIV[2]/DIV[1]/DIV[1]/DIV[2]/DIV[3]/DIV[1]/A[2]", "xpath /HTML[1]/BODY[1]/DIV[2]/DIV[2]/DIV[3]/DIV[2]/DIV[1]/UL[1]/LI[1]/A[1]"], ["xpath /HTML[1]/BODY[1]/DIV[2]/DIV[1]/FORM[1]/FIELDSET[1]/DIV[4]/BUTTON[1]", "xpath /HTML[1]/BODY[1]/DIV[2]/DIV[2]/DIV[2]/DIV[1]/DIV[4]/DIV[2]/DIV[1]/TABLE[1]/TBODY[1]/TR[3]/TD[2]/A[1]", "xpath /HTML[1]/BODY[1]/DIV[2]/DIV[2]/DIV[2]/DIV[1]/DIV[4]/DIV[2]/DIV[1]/TABLE[1]/TBODY[1]/TR[3]/TD[3]/A[1]", "xpath /HTML[1]/BODY[1]/DIV[2]/DIV[2]/DIV[1]/UL[1]/LI[1]/A[1]", "xpath /HTML[1]/BODY[1]/DIV[2]/DIV[2]/DIV[3]/DIV[1]/H2[1]/A[1]", "xpath /HTML[1]/BODY[1]/DIV[2]/DIV[2]/DIV[2]/DIV[1]/DIV[4]/DIV[2]/DIV[1]/TABLE[1]/TBODY[1]/TR[3]/TD[6]/A[1]", "xpath /HTML[1]/BODY[1]/DIV[2]/DIV[2]/DIV[1]/UL[1]/LI[2]/A[1]", "xpath /HTML[1]/BODY[1]/DIV[2]/DIV[2]/DIV[2]/DIV[1]/DIV[1]/DIV[2]/DIV[3]/DIV[1]/A[2]", "xpath /HTML[1]/BODY[1]/DIV[2]/DIV[2]/DIV[3]/DIV[2]/DIV[1]/UL[1]/LI[1]/A[1]"]]}