{"state53": [["xpath /HTML[1]/BODY[1]/TABLE[2]/TBODY[1]/TR[2]/TD[3]/TABLE[1]/TBODY[1]/TR[1]/TD[1]/TABLE[1]/TBODY[1]/TR[1]/TD[2]/DIV[1]/FORM[1]/TABLE[1]/TBODY[1]/TR[3]/TD[2]/INPUT[1]", "xpath /HTML[1]/BODY[1]/TABLE[2]/TBODY[1]/TR[2]/TD[3]/TABLE[1]/TBODY[1]/TR[1]/TD[1]/TABLE[1]/TBODY[1]/TR[1]/TD[2]/DIV[1]/FORM[1]/TABLE[1]/TBODY[1]/TR[3]/TD[2]/INPUT[1]", "xpath /HTML[1]/BODY[1]/TABLE[2]/TBODY[1]/TR[2]/TD[1]/FORM[1]/A[2]", "xpath /HTML[1]/BODY[1]/TABLE[2]/TBODY[1]/TR[2]/TD[3]/TABLE[1]/TBODY[1]/TR[1]/TD[1]/TABLE[1]/TBODY[1]/TR[1]/TD[1]/FORM[1]/INPUT[1]", "xpath /HTML[1]/BODY[1]/TABLE[2]/TBODY[1]/TR[2]/TD[3]/TABLE[1]/TBODY[1]/TR[1]/TD[1]/TABLE[1]/TBODY[1]/TR[1]/TD[1]/FORM[1]/INPUT[4]", "xpath /HTML[1]/BODY[1]/TABLE[2]/TBODY[1]/TR[2]/TD[3]/TABLE[1]/TBODY[1]/TR[1]/TD[1]/FORM[1]/TABLE[2]/TBODY[1]/TR[1]/TD[1]/INPUT[1]", "xpath /HTML[1]/BODY[1]/TABLE[2]/TBODY[1]/TR[2]/TD[3]/TABLE[1]/TBODY[1]/TR[1]/TD[1]/TABLE[1]/TBODY[1]/TR[1]/TD[1]/FORM[1]/CENTER[1]/A[1]"]], "state9": [["xpath /HTML[1]/BODY[1]/TABLE[2]/TBODY[1]/TR[2]/TD[3]/TABLE[1]/TBODY[1]/TR[1]/TD[1]/TABLE[1]/TBODY[1]/TR[1]/TD[2]/DIV[1]/FORM[1]/TABLE[1]/TBODY[1]/TR[3]/TD[2]/INPUT[1]", "xpath /HTML[1]/BODY[1]/TABLE[2]/TBODY[1]/TR[2]/TD[3]/TABLE[1]/TBODY[1]/TR[1]/TD[1]/TABLE[1]/TBODY[1]/TR[1]/TD[2]/DIV[1]/FORM[1]/TABLE[1]/TBODY[1]/TR[3]/TD[2]/INPUT[1]", "xpath /HTML[1]/BODY[1]/TABLE[2]/TBODY[1]/TR[2]/TD[3]/TABLE[1]/TBODY[1]/TR[1]/TD[1]/FORM[1]/TABLE[1]/TBODY[1]/TR[1]/TD[1]/CENTER[1]/A[1]"]], "state52": [["xpath /HTML[1]/BODY[1]/TABLE[2]/TBODY[1]/TR[2]/TD[3]/TABLE[1]/TBODY[1]/TR[1]/TD[1]/TABLE[1]/TBODY[1]/TR[1]/TD[2]/DIV[1]/FORM[1]/TABLE[1]/TBODY[1]/TR[3]/TD[2]/INPUT[1]", "xpath /HTML[1]/BODY[1]/TABLE[2]/TBODY[1]/TR[2]/TD[3]/TABLE[1]/TBODY[1]/TR[1]/TD[1]/TABLE[1]/TBODY[1]/TR[1]/TD[2]/DIV[1]/FORM[1]/TABLE[1]/TBODY[1]/TR[3]/TD[2]/INPUT[1]", "xpath /HTML[1]/BODY[1]/TABLE[2]/TBODY[1]/TR[2]/TD[1]/FORM[1]/A[2]", "xpath /HTML[1]/BODY[1]/TABLE[2]/TBODY[1]/TR[2]/TD[3]/TABLE[1]/TBODY[1]/TR[1]/TD[1]/TABLE[1]/TBODY[1]/TR[1]/TD[1]/FORM[1]/INPUT[1]", "xpath /HTML[1]/BODY[1]/TABLE[2]/TBODY[1]/TR[2]/TD[3]/TABLE[1]/TBODY[1]/TR[1]/TD[1]/TABLE[1]/TBODY[1]/TR[1]/TD[1]/FORM[1]/INPUT[4]", "xpath /HTML[1]/BODY[1]/TABLE[2]/TBODY[1]/TR[2]/TD[3]/TABLE[1]/TBODY[1]/TR[1]/TD[1]/FORM[1]/TABLE[2]/TBODY[1]/TR[1]/TD[1]/INPUT[1]"]], "state51": [["xpath /HTML[1]/BODY[1]/TABLE[2]/TBODY[1]/TR[2]/TD[3]/TABLE[1]/TBODY[1]/TR[1]/TD[1]/TABLE[1]/TBODY[1]/TR[1]/TD[2]/DIV[1]/FORM[1]/TABLE[1]/TBODY[1]/TR[3]/TD[2]/INPUT[1]", "xpath /HTML[1]/BODY[1]/TABLE[2]/TBODY[1]/TR[2]/TD[3]/TABLE[1]/TBODY[1]/TR[1]/TD[1]/TABLE[1]/TBODY[1]/TR[1]/TD[2]/DIV[1]/FORM[1]/TABLE[1]/TBODY[1]/TR[3]/TD[2]/INPUT[1]", "xpath /HTML[1]/BODY[1]/TABLE[2]/TBODY[1]/TR[2]/TD[1]/FORM[1]/A[2]", "xpath /HTML[1]/BODY[1]/TABLE[2]/TBODY[1]/TR[2]/TD[3]/TABLE[1]/TBODY[1]/TR[1]/TD[1]/TABLE[1]/TBODY[1]/TR[1]/TD[1]/FORM[1]/INPUT[2]"]], "state50": [["xpath /HTML[1]/BODY[1]/TABLE[2]/TBODY[1]/TR[2]/TD[3]/TABLE[1]/TBODY[1]/TR[1]/TD[1]/TABLE[1]/TBODY[1]/TR[1]/TD[2]/DIV[1]/FORM[1]/TABLE[1]/TBODY[1]/TR[3]/TD[2]/INPUT[1]", "xpath /HTML[1]/BODY[1]/TABLE[2]/TBODY[1]/TR[2]/TD[3]/TABLE[1]/TBODY[1]/TR[1]/TD[1]/TABLE[1]/TBODY[1]/TR[1]/TD[2]/DIV[1]/FORM[1]/TABLE[1]/TBODY[1]/TR[3]/TD[2]/INPUT[1]", "xpath /HTML[1]/BODY[1]/TABLE[2]/TBODY[1]/TR[2]/TD[3]/TABLE[1]/TBODY[1]/TR[1]/TD[1]/FORM[1]/TABLE[1]/TBODY[1]/TR[1]/TD[1]/INPUT[4]", "xpath /HTML[1]/BODY[1]/TABLE[2]/TBODY[1]/TR[2]/TD[3]/TABLE[1]/TBODY[1]/TR[1]/TD[1]/TABLE[1]/TBODY[1]/TR[1]/TD[1]/FORM[1]/TABLE[3]/TBODY[1]/TR[1]/TD[1]/P[1]/INPUT[1]"]], "state6": [["xpath /HTML[1]/BODY[1]/TABLE[2]/TBODY[1]/TR[2]/TD[3]/TABLE[1]/TBODY[1]/TR[1]/TD[1]/TABLE[1]/TBODY[1]/TR[1]/TD[2]/DIV[1]/FORM[1]/TABLE[1]/TBODY[1]/TR[3]/TD[2]/INPUT[1]", "xpath /HTML[1]/BODY[1]/TABLE[2]/TBODY[1]/TR[2]/TD[3]/TABLE[1]/TBODY[1]/TR[1]/TD[1]/TABLE[1]/TBODY[1]/TR[1]/TD[2]/DIV[1]/FORM[1]/TABLE[1]/TBODY[1]/TR[3]/TD[2]/INPUT[1]", "xpath /HTML[1]/BODY[1]/TABLE[2]/TBODY[1]/TR[2]/TD[1]/FORM[1]/A[10]"]], "state8": [["xpath /HTML[1]/BODY[1]/TABLE[2]/TBODY[1]/TR[2]/TD[3]/TABLE[1]/TBODY[1]/TR[1]/TD[1]/TABLE[1]/TBODY[1]/TR[1]/TD[2]/DIV[1]/FORM[1]/TABLE[1]/TBODY[1]/TR[3]/TD[2]/INPUT[1]", "xpath /HTML[1]/BODY[1]/TABLE[2]/TBODY[1]/TR[2]/TD[3]/TABLE[1]/TBODY[1]/TR[1]/TD[1]/TABLE[1]/TBODY[1]/TR[1]/TD[2]/DIV[1]/FORM[1]/TABLE[1]/TBODY[1]/TR[3]/TD[2]/INPUT[1]", "xpath /HTML[1]/BODY[1]/TABLE[2]/TBODY[1]/TR[2]/TD[1]/FORM[1]/A[10]", "xpath /HTML[1]/BODY[1]/TABLE[2]/TBODY[1]/TR[2]/TD[3]/TABLE[1]/TBODY[1]/TR[1]/TD[1]/TABLE[1]/TBODY[1]/TR[1]/TD[1]/FORM[1]/INPUT[1]", "xpath /HTML[1]/BODY[1]/TABLE[2]/TBODY[1]/TR[2]/TD[3]/TABLE[1]/TBODY[1]/TR[1]/TD[1]/TABLE[1]/TBODY[1]/TR[1]/TD[1]/FORM[1]/INPUT[4]", "xpath /HTML[1]/BODY[1]/TABLE[2]/TBODY[1]/TR[2]/TD[3]/TABLE[1]/TBODY[1]/TR[1]/TD[1]/FORM[1]/TABLE[2]/TBODY[1]/TR[1]/TD[1]/INPUT[2]"]], "state7": [["xpath /HTML[1]/BODY[1]/TABLE[2]/TBODY[1]/TR[2]/TD[3]/TABLE[1]/TBODY[1]/TR[1]/TD[1]/TABLE[1]/TBODY[1]/TR[1]/TD[2]/DIV[1]/FORM[1]/TABLE[1]/TBODY[1]/TR[3]/TD[2]/INPUT[1]", "xpath /HTML[1]/BODY[1]/TABLE[2]/TBODY[1]/TR[2]/TD[3]/TABLE[1]/TBODY[1]/TR[1]/TD[1]/TABLE[1]/TBODY[1]/TR[1]/TD[2]/DIV[1]/FORM[1]/TABLE[1]/TBODY[1]/TR[3]/TD[2]/INPUT[1]", "xpath /HTML[1]/BODY[1]/TABLE[2]/TBODY[1]/TR[2]/TD[1]/FORM[1]/A[10]", "xpath /HTML[1]/BODY[1]/TABLE[2]/TBODY[1]/TR[2]/TD[3]/TABLE[1]/TBODY[1]/TR[1]/TD[1]/TABLE[1]/TBODY[1]/TR[1]/TD[1]/FORM[1]/INPUT[1]", "xpath /HTML[1]/BODY[1]/TABLE[2]/TBODY[1]/TR[2]/TD[3]/TABLE[1]/TBODY[1]/TR[1]/TD[1]/TABLE[1]/TBODY[1]/TR[1]/TD[1]/FORM[1]/INPUT[4]"]], "state2": [["xpath /HTML[1]/BODY[1]/TABLE[2]/TBODY[1]/TR[2]/TD[3]/TABLE[1]/TBODY[1]/TR[1]/TD[1]/TABLE[1]/TBODY[1]/TR[1]/TD[2]/DIV[1]/FORM[1]/TABLE[1]/TBODY[1]/TR[3]/TD[2]/INPUT[1]", "xpath /HTML[1]/BODY[1]/TABLE[2]/TBODY[1]/TR[2]/TD[3]/TABLE[1]/TBODY[1]/TR[1]/TD[1]/TABLE[1]/TBODY[1]/TR[1]/TD[2]/DIV[1]/FORM[1]/TABLE[1]/TBODY[1]/TR[3]/TD[2]/INPUT[1]", "xpath /HTML[1]/BODY[1]/TABLE[2]/TBODY[1]/TR[2]/TD[3]/TABLE[1]/TBODY[1]/TR[1]/TD[1]/FORM[1]/TABLE[1]/TBODY[1]/TR[1]/TD[1]/INPUT[5]"]], "state1": [["xpath /HTML[1]/BODY[1]/TABLE[2]/TBODY[1]/TR[2]/TD[3]/TABLE[1]/TBODY[1]/TR[1]/TD[1]/TABLE[1]/TBODY[1]/TR[1]/TD[2]/DIV[1]/FORM[1]/TABLE[1]/TBODY[1]/TR[3]/TD[2]/INPUT[1]", "xpath /HTML[1]/BODY[1]/TABLE[2]/TBODY[1]/TR[2]/TD[3]/TABLE[1]/TBODY[1]/TR[1]/TD[1]/TABLE[1]/TBODY[1]/TR[1]/TD[2]/DIV[1]/FORM[1]/TABLE[1]/TBODY[1]/TR[3]/TD[2]/INPUT[1]"]], "state3": [["xpath /HTML[1]/BODY[1]/TABLE[2]/TBODY[1]/TR[2]/TD[3]/TABLE[1]/TBODY[1]/TR[1]/TD[1]/TABLE[1]/TBODY[1]/TR[1]/TD[2]/DIV[1]/FORM[1]/TABLE[1]/TBODY[1]/TR[3]/TD[2]/INPUT[1]", "xpath /HTML[1]/BODY[1]/TABLE[2]/TBODY[1]/TR[2]/TD[3]/TABLE[1]/TBODY[1]/TR[1]/TD[1]/TABLE[1]/TBODY[1]/TR[1]/TD[2]/DIV[1]/FORM[1]/TABLE[1]/TBODY[1]/TR[3]/TD[2]/INPUT[1]", "xpath /HTML[1]/BODY[1]/TABLE[2]/TBODY[1]/TR[2]/TD[3]/TABLE[1]/TBODY[1]/TR[1]/TD[1]/FORM[1]/TABLE[1]/TBODY[1]/TR[1]/TD[1]/INPUT[5]", "xpath /HTML[1]/BODY[1]/TABLE[2]/TBODY[1]/TR[2]/TD[3]/TABLE[1]/TBODY[1]/TR[1]/TD[1]/FORM[1]/TABLE[2]/TBODY[1]/TR[1]/TD[1]/INPUT[8]"]], "state18": [["xpath /HTML[1]/BODY[1]/TABLE[2]/TBODY[1]/TR[2]/TD[3]/TABLE[1]/TBODY[1]/TR[1]/TD[1]/TABLE[1]/TBODY[1]/TR[1]/TD[2]/DIV[1]/FORM[1]/TABLE[1]/TBODY[1]/TR[3]/TD[2]/INPUT[1]", "xpath /HTML[1]/BODY[1]/TABLE[2]/TBODY[1]/TR[2]/TD[3]/TABLE[1]/TBODY[1]/TR[1]/TD[1]/TABLE[1]/TBODY[1]/TR[1]/TD[2]/DIV[1]/FORM[1]/TABLE[1]/TBODY[1]/TR[3]/TD[2]/INPUT[1]", "xpath /HTML[1]/BODY[1]/TABLE[2]/TBODY[1]/TR[2]/TD[1]/FORM[1]/A[8]", "xpath /HTML[1]/BODY[1]/TABLE[2]/TBODY[1]/TR[2]/TD[3]/TABLE[1]/TBODY[1]/TR[1]/TD[1]/TABLE[1]/TBODY[1]/TR[1]/TD[1]/FORM[1]/INPUT[1]"]], "state13": [["xpath /HTML[1]/BODY[1]/TABLE[2]/TBODY[1]/TR[2]/TD[3]/TABLE[1]/TBODY[1]/TR[1]/TD[1]/TABLE[1]/TBODY[1]/TR[1]/TD[2]/DIV[1]/FORM[1]/TABLE[1]/TBODY[1]/TR[3]/TD[2]/INPUT[1]", "xpath /HTML[1]/BODY[1]/TABLE[2]/TBODY[1]/TR[2]/TD[3]/TABLE[1]/TBODY[1]/TR[1]/TD[1]/TABLE[1]/TBODY[1]/TR[1]/TD[2]/DIV[1]/FORM[1]/TABLE[1]/TBODY[1]/TR[3]/TD[2]/INPUT[1]", "xpath /HTML[1]/BODY[1]/TABLE[2]/TBODY[1]/TR[2]/TD[1]/FORM[1]/A[3]", "xpath /HTML[1]/BODY[1]/TABLE[2]/TBODY[1]/TR[2]/TD[3]/TABLE[1]/TBODY[1]/TR[1]/TD[1]/TABLE[1]/TBODY[1]/TR[1]/TD[1]/FORM[1]/INPUT[1]", "xpath /HTML[1]/BODY[1]/TABLE[2]/TBODY[1]/TR[2]/TD[3]/TABLE[1]/TBODY[1]/TR[1]/TD[1]/TABLE[1]/TBODY[1]/TR[1]/TD[1]/FORM[1]/INPUT[4]"]], "state57": [["xpath /HTML[1]/BODY[1]/TABLE[2]/TBODY[1]/TR[2]/TD[3]/TABLE[1]/TBODY[1]/TR[1]/TD[1]/TABLE[1]/TBODY[1]/TR[1]/TD[2]/DIV[1]/FORM[1]/TABLE[1]/TBODY[1]/TR[3]/TD[2]/INPUT[1]", "xpath /HTML[1]/BODY[1]/TABLE[2]/TBODY[1]/TR[2]/TD[3]/TABLE[1]/TBODY[1]/TR[1]/TD[1]/TABLE[1]/TBODY[1]/TR[1]/TD[2]/DIV[1]/FORM[1]/TABLE[1]/TBODY[1]/TR[3]/TD[2]/INPUT[1]", "xpath /HTML[1]/BODY[1]/TABLE[2]/TBODY[1]/TR[2]/TD[3]/TABLE[1]/TBODY[1]/TR[1]/TD[1]/FORM[1]/TABLE[1]/TBODY[1]/TR[1]/TD[1]/INPUT[3]"]], "state12": [["xpath /HTML[1]/BODY[1]/TABLE[2]/TBODY[1]/TR[2]/TD[3]/TABLE[1]/TBODY[1]/TR[1]/TD[1]/TABLE[1]/TBODY[1]/TR[1]/TD[2]/DIV[1]/FORM[1]/TABLE[1]/TBODY[1]/TR[3]/TD[2]/INPUT[1]", "xpath /HTML[1]/BODY[1]/TABLE[2]/TBODY[1]/TR[2]/TD[3]/TABLE[1]/TBODY[1]/TR[1]/TD[1]/TABLE[1]/TBODY[1]/TR[1]/TD[2]/DIV[1]/FORM[1]/TABLE[1]/TBODY[1]/TR[3]/TD[2]/INPUT[1]", "xpath /HTML[1]/BODY[1]/TABLE[2]/TBODY[1]/TR[2]/TD[1]/FORM[1]/A[3]"]], "state56": [["xpath /HTML[1]/BODY[1]/TABLE[2]/TBODY[1]/TR[2]/TD[3]/TABLE[1]/TBODY[1]/TR[1]/TD[1]/TABLE[1]/TBODY[1]/TR[1]/TD[2]/DIV[1]/FORM[1]/TABLE[1]/TBODY[1]/TR[3]/TD[2]/INPUT[1]", "xpath /HTML[1]/BODY[1]/TABLE[2]/TBODY[1]/TR[2]/TD[3]/TABLE[1]/TBODY[1]/TR[1]/TD[1]/TABLE[1]/TBODY[1]/TR[1]/TD[2]/DIV[1]/FORM[1]/TABLE[1]/TBODY[1]/TR[3]/TD[2]/INPUT[1]", "xpath /HTML[1]/BODY[1]/TABLE[2]/TBODY[1]/TR[2]/TD[1]/FORM[1]/A[3]", "xpath /HTML[1]/BODY[1]/TABLE[2]/TBODY[1]/TR[2]/TD[3]/TABLE[1]/TBODY[1]/TR[1]/TD[1]/TABLE[1]/TBODY[1]/TR[1]/TD[1]/FORM[1]/CENTER[1]/A[1]"]], "state10": [["xpath /HTML[1]/BODY[1]/TABLE[2]/TBODY[1]/TR[2]/TD[3]/TABLE[1]/TBODY[1]/TR[1]/TD[1]/TABLE[1]/TBODY[1]/TR[1]/TD[2]/DIV[1]/FORM[1]/TABLE[1]/TBODY[1]/TR[3]/TD[2]/INPUT[1]", "xpath /HTML[1]/BODY[1]/TABLE[2]/TBODY[1]/TR[2]/TD[3]/TABLE[1]/TBODY[1]/TR[1]/TD[1]/TABLE[1]/TBODY[1]/TR[1]/TD[2]/DIV[1]/FORM[1]/TABLE[1]/TBODY[1]/TR[3]/TD[2]/INPUT[1]", "xpath /HTML[1]/BODY[1]/TABLE[2]/TBODY[1]/TR[2]/TD[3]/TABLE[1]/TBODY[1]/TR[1]/TD[1]/FORM[1]/TABLE[1]/TBODY[1]/TR[1]/TD[1]/INPUT[5]", "xpath /HTML[1]/BODY[1]/TABLE[2]/TBODY[1]/TR[2]/TD[3]/TABLE[1]/TBODY[1]/TR[1]/TD[1]/FORM[1]/TABLE[2]/TBODY[1]/TR[1]/TD[1]/INPUT[7]"]], "state17": [["xpath /HTML[1]/BODY[1]/TABLE[2]/TBODY[1]/TR[2]/TD[3]/TABLE[1]/TBODY[1]/TR[1]/TD[1]/TABLE[1]/TBODY[1]/TR[1]/TD[2]/DIV[1]/FORM[1]/TABLE[1]/TBODY[1]/TR[3]/TD[2]/INPUT[1]", "xpath /HTML[1]/BODY[1]/TABLE[2]/TBODY[1]/TR[2]/TD[3]/TABLE[1]/TBODY[1]/TR[1]/TD[1]/TABLE[1]/TBODY[1]/TR[1]/TD[2]/DIV[1]/FORM[1]/TABLE[1]/TBODY[1]/TR[3]/TD[2]/INPUT[1]", "xpath /HTML[1]/BODY[1]/TABLE[2]/TBODY[1]/TR[2]/TD[1]/FORM[1]/A[8]"]], "state16": [["xpath /HTML[1]/BODY[1]/TABLE[2]/TBODY[1]/TR[2]/TD[3]/TABLE[1]/TBODY[1]/TR[1]/TD[1]/TABLE[1]/TBODY[1]/TR[1]/TD[2]/DIV[1]/FORM[1]/TABLE[1]/TBODY[1]/TR[3]/TD[2]/INPUT[1]", "xpath /HTML[1]/BODY[1]/TABLE[2]/TBODY[1]/TR[2]/TD[3]/TABLE[1]/TBODY[1]/TR[1]/TD[1]/TABLE[1]/TBODY[1]/TR[1]/TD[2]/DIV[1]/FORM[1]/TABLE[1]/TBODY[1]/TR[3]/TD[2]/INPUT[1]", "xpath /HTML[1]/BODY[1]/TABLE[2]/TBODY[1]/TR[2]/TD[1]/FORM[1]/A[10]", "xpath /HTML[1]/BODY[1]/TABLE[2]/TBODY[1]/TR[2]/TD[3]/TABLE[1]/TBODY[1]/TR[1]/TD[1]/TABLE[1]/TBODY[1]/TR[1]/TD[1]/FORM[1]/INPUT[1]", "xpath /HTML[1]/BODY[1]/TABLE[2]/TBODY[1]/TR[2]/TD[3]/TABLE[1]/TBODY[1]/TR[1]/TD[1]/TABLE[1]/TBODY[1]/TR[1]/TD[1]/FORM[1]/INPUT[4]", "xpath /HTML[1]/BODY[1]/TABLE[2]/TBODY[1]/TR[2]/TD[3]/TABLE[1]/TBODY[1]/TR[1]/TD[1]/FORM[1]/TABLE[2]/TBODY[1]/TR[1]/TD[1]/INPUT[1]"]], "state15": [["xpath /HTML[1]/BODY[1]/TABLE[2]/TBODY[1]/TR[2]/TD[3]/TABLE[1]/TBODY[1]/TR[1]/TD[1]/TABLE[1]/TBODY[1]/TR[1]/TD[2]/DIV[1]/FORM[1]/TABLE[1]/TBODY[1]/TR[3]/TD[2]/INPUT[1]", "xpath /HTML[1]/BODY[1]/TABLE[2]/TBODY[1]/TR[2]/TD[3]/TABLE[1]/TBODY[1]/TR[1]/TD[1]/TABLE[1]/TBODY[1]/TR[1]/TD[2]/DIV[1]/FORM[1]/TABLE[1]/TBODY[1]/TR[3]/TD[2]/INPUT[1]", "xpath /HTML[1]/BODY[1]/TABLE[2]/TBODY[1]/TR[2]/TD[1]/FORM[1]/A[10]", "xpath /HTML[1]/BODY[1]/TABLE[2]/TBODY[1]/TR[2]/TD[3]/TABLE[1]/TBODY[1]/TR[1]/TD[1]/TABLE[1]/TBODY[1]/TR[1]/TD[1]/FORM[1]/INPUT[3]", "xpath /HTML[1]/BODY[1]/TABLE[2]/TBODY[1]/TR[2]/TD[3]/TABLE[1]/TBODY[1]/TR[1]/TD[1]/TABLE[1]/TBODY[1]/TR[1]/TD[1]/FORM[1]/INPUT[6]"]], "state59": [["xpath /HTML[1]/BODY[1]/TABLE[2]/TBODY[1]/TR[2]/TD[3]/TABLE[1]/TBODY[1]/TR[1]/TD[1]/TABLE[1]/TBODY[1]/TR[1]/TD[2]/DIV[1]/FORM[1]/TABLE[1]/TBODY[1]/TR[3]/TD[2]/INPUT[1]", "xpath /HTML[1]/BODY[1]/TABLE[2]/TBODY[1]/TR[2]/TD[3]/TABLE[1]/TBODY[1]/TR[1]/TD[1]/TABLE[1]/TBODY[1]/TR[1]/TD[2]/DIV[1]/FORM[1]/TABLE[1]/TBODY[1]/TR[3]/TD[2]/INPUT[1]", "xpath /HTML[1]/BODY[1]/TABLE[2]/TBODY[1]/TR[2]/TD[1]/FORM[1]/A[6]", "xpath /HTML[1]/BODY[1]/TABLE[2]/TBODY[1]/TR[2]/TD[3]/TABLE[1]/TBODY[1]/TR[1]/TD[1]/TABLE[1]/TBODY[1]/TR[1]/TD[1]/FORM[1]/INPUT[3]", "xpath /HTML[1]/BODY[1]/TABLE[2]/TBODY[1]/TR[2]/TD[3]/TABLE[1]/TBODY[1]/TR[1]/TD[1]/TABLE[1]/TBODY[1]/TR[1]/TD[1]/FORM[1]/INPUT[6]"]], "state14": [["xpath /HTML[1]/BODY[1]/TABLE[2]/TBODY[1]/TR[2]/TD[3]/TABLE[1]/TBODY[1]/TR[1]/TD[1]/TABLE[1]/TBODY[1]/TR[1]/TD[2]/DIV[1]/FORM[1]/TABLE[1]/TBODY[1]/TR[3]/TD[2]/INPUT[1]", "xpath /HTML[1]/BODY[1]/TABLE[2]/TBODY[1]/TR[2]/TD[3]/TABLE[1]/TBODY[1]/TR[1]/TD[1]/TABLE[1]/TBODY[1]/TR[1]/TD[2]/DIV[1]/FORM[1]/TABLE[1]/TBODY[1]/TR[3]/TD[2]/INPUT[1]", "xpath /HTML[1]/BODY[1]/TABLE[2]/TBODY[1]/TR[2]/TD[1]/FORM[1]/A[3]", "xpath /HTML[1]/BODY[1]/TABLE[2]/TBODY[1]/TR[2]/TD[3]/TABLE[1]/TBODY[1]/TR[1]/TD[1]/TABLE[1]/TBODY[1]/TR[1]/TD[1]/FORM[1]/INPUT[1]", "xpath /HTML[1]/BODY[1]/TABLE[2]/TBODY[1]/TR[2]/TD[3]/TABLE[1]/TBODY[1]/TR[1]/TD[1]/TABLE[1]/TBODY[1]/TR[1]/TD[1]/FORM[1]/INPUT[4]", "xpath /HTML[1]/BODY[1]/TABLE[2]/TBODY[1]/TR[2]/TD[3]/TABLE[1]/TBODY[1]/TR[1]/TD[1]/FORM[1]/TABLE[2]/TBODY[1]/TR[1]/TD[1]/INPUT[1]"]], "state42": [["xpath /HTML[1]/BODY[1]/TABLE[2]/TBODY[1]/TR[2]/TD[3]/TABLE[1]/TBODY[1]/TR[1]/TD[1]/TABLE[1]/TBODY[1]/TR[1]/TD[2]/DIV[1]/FORM[1]/TABLE[1]/TBODY[1]/TR[3]/TD[2]/INPUT[1]", "xpath /HTML[1]/BODY[1]/TABLE[2]/TBODY[1]/TR[2]/TD[3]/TABLE[1]/TBODY[1]/TR[1]/TD[1]/TABLE[1]/TBODY[1]/TR[1]/TD[2]/DIV[1]/FORM[1]/TABLE[1]/TBODY[1]/TR[3]/TD[2]/INPUT[1]", "xpath /HTML[1]/BODY[1]/TABLE[2]/TBODY[1]/TR[2]/TD[1]/FORM[1]/A[2]", "xpath /HTML[1]/BODY[1]/TABLE[2]/TBODY[1]/TR[2]/TD[3]/TABLE[1]/TBODY[1]/TR[1]/TD[1]/TABLE[1]/TBODY[1]/TR[1]/TD[1]/FORM[1]/INPUT[1]", "xpath /HTML[1]/BODY[1]/TABLE[2]/TBODY[1]/TR[2]/TD[3]/TABLE[1]/TBODY[1]/TR[1]/TD[1]/TABLE[1]/TBODY[1]/TR[1]/TD[1]/FORM[1]/INPUT[4]"]], "state41": [["xpath /HTML[1]/BODY[1]/TABLE[2]/TBODY[1]/TR[2]/TD[3]/TABLE[1]/TBODY[1]/TR[1]/TD[1]/TABLE[1]/TBODY[1]/TR[1]/TD[2]/DIV[1]/FORM[1]/TABLE[1]/TBODY[1]/TR[3]/TD[2]/INPUT[1]", "xpath /HTML[1]/BODY[1]/TABLE[2]/TBODY[1]/TR[2]/TD[3]/TABLE[1]/TBODY[1]/TR[1]/TD[1]/TABLE[1]/TBODY[1]/TR[1]/TD[2]/DIV[1]/FORM[1]/TABLE[1]/TBODY[1]/TR[3]/TD[2]/INPUT[1]", "xpath /HTML[1]/BODY[1]/TABLE[2]/TBODY[1]/TR[2]/TD[1]/FORM[1]/A[2]"]], "index": [], "state46": [["xpath /HTML[1]/BODY[1]/TABLE[2]/TBODY[1]/TR[2]/TD[3]/TABLE[1]/TBODY[1]/TR[1]/TD[1]/TABLE[1]/TBODY[1]/TR[1]/TD[2]/DIV[1]/FORM[1]/TABLE[1]/TBODY[1]/TR[3]/TD[2]/INPUT[1]", "xpath /HTML[1]/BODY[1]/TABLE[2]/TBODY[1]/TR[2]/TD[3]/TABLE[1]/TBODY[1]/TR[1]/TD[1]/TABLE[1]/TBODY[1]/TR[1]/TD[2]/DIV[1]/FORM[1]/TABLE[1]/TBODY[1]/TR[3]/TD[2]/INPUT[1]", "xpath /HTML[1]/BODY[1]/TABLE[2]/TBODY[1]/TR[2]/TD[1]/FORM[1]/A[7]", "xpath /HTML[1]/BODY[1]/TABLE[2]/TBODY[1]/TR[2]/TD[3]/TABLE[1]/TBODY[1]/TR[1]/TD[1]/TABLE[1]/TBODY[1]/TR[1]/TD[1]/FORM[1]/INPUT[2]"]], "state45": [["xpath /HTML[1]/BODY[1]/TABLE[2]/TBODY[1]/TR[2]/TD[3]/TABLE[1]/TBODY[1]/TR[1]/TD[1]/TABLE[1]/TBODY[1]/TR[1]/TD[2]/DIV[1]/FORM[1]/TABLE[1]/TBODY[1]/TR[3]/TD[2]/INPUT[1]", "xpath /HTML[1]/BODY[1]/TABLE[2]/TBODY[1]/TR[2]/TD[3]/TABLE[1]/TBODY[1]/TR[1]/TD[1]/TABLE[1]/TBODY[1]/TR[1]/TD[2]/DIV[1]/FORM[1]/TABLE[1]/TBODY[1]/TR[3]/TD[2]/INPUT[1]", "xpath /HTML[1]/BODY[1]/TABLE[2]/TBODY[1]/TR[2]/TD[1]/FORM[1]/A[6]", "xpath /HTML[1]/BODY[1]/TABLE[2]/TBODY[1]/TR[2]/TD[3]/TABLE[1]/TBODY[1]/TR[1]/TD[1]/TABLE[1]/TBODY[1]/TR[1]/TD[1]/FORM[1]/INPUT[4]", "xpath /HTML[1]/BODY[1]/TABLE[2]/TBODY[1]/TR[2]/TD[3]/TABLE[1]/TBODY[1]/TR[1]/TD[1]/TABLE[1]/TBODY[1]/TR[1]/TD[1]/FORM[1]/INPUT[1]", "xpath /HTML[1]/BODY[1]/TABLE[2]/TBODY[1]/TR[2]/TD[3]/TABLE[1]/TBODY[1]/TR[1]/TD[1]/FORM[1]/TABLE[2]/TBODY[1]/TR[1]/TD[1]/INPUT[2]"]], "state44": [["xpath /HTML[1]/BODY[1]/TABLE[2]/TBODY[1]/TR[2]/TD[3]/TABLE[1]/TBODY[1]/TR[1]/TD[1]/TABLE[1]/TBODY[1]/TR[1]/TD[2]/DIV[1]/FORM[1]/TABLE[1]/TBODY[1]/TR[3]/TD[2]/INPUT[1]", "xpath /HTML[1]/BODY[1]/TABLE[2]/TBODY[1]/TR[2]/TD[3]/TABLE[1]/TBODY[1]/TR[1]/TD[1]/TABLE[1]/TBODY[1]/TR[1]/TD[2]/DIV[1]/FORM[1]/TABLE[1]/TBODY[1]/TR[3]/TD[2]/INPUT[1]", "xpath /HTML[1]/BODY[1]/TABLE[2]/TBODY[1]/TR[2]/TD[1]/FORM[1]/A[6]", "xpath /HTML[1]/BODY[1]/TABLE[2]/TBODY[1]/TR[2]/TD[3]/TABLE[1]/TBODY[1]/TR[1]/TD[1]/TABLE[1]/TBODY[1]/TR[1]/TD[1]/FORM[1]/CENTER[1]/A[1]"]], "state43": [["xpath /HTML[1]/BODY[1]/TABLE[2]/TBODY[1]/TR[2]/TD[3]/TABLE[1]/TBODY[1]/TR[1]/TD[1]/TABLE[1]/TBODY[1]/TR[1]/TD[2]/DIV[1]/FORM[1]/TABLE[1]/TBODY[1]/TR[3]/TD[2]/INPUT[1]", "xpath /HTML[1]/BODY[1]/TABLE[2]/TBODY[1]/TR[2]/TD[3]/TABLE[1]/TBODY[1]/TR[1]/TD[1]/TABLE[1]/TBODY[1]/TR[1]/TD[2]/DIV[1]/FORM[1]/TABLE[1]/TBODY[1]/TR[3]/TD[2]/INPUT[1]", "xpath /HTML[1]/BODY[1]/TABLE[2]/TBODY[1]/TR[2]/TD[1]/FORM[1]/A[2]", "xpath /HTML[1]/BODY[1]/TABLE[2]/TBODY[1]/TR[2]/TD[3]/TABLE[1]/TBODY[1]/TR[1]/TD[1]/TABLE[1]/TBODY[1]/TR[1]/TD[1]/FORM[1]/INPUT[1]", "xpath /HTML[1]/BODY[1]/TABLE[2]/TBODY[1]/TR[2]/TD[3]/TABLE[1]/TBODY[1]/TR[1]/TD[1]/TABLE[1]/TBODY[1]/TR[1]/TD[1]/FORM[1]/INPUT[4]", "xpath /HTML[1]/BODY[1]/TABLE[2]/TBODY[1]/TR[2]/TD[3]/TABLE[1]/TBODY[1]/TR[1]/TD[1]/FORM[1]/TABLE[2]/TBODY[1]/TR[1]/TD[1]/INPUT[2]"]], "state49": [["xpath /HTML[1]/BODY[1]/TABLE[2]/TBODY[1]/TR[2]/TD[3]/TABLE[1]/TBODY[1]/TR[1]/TD[1]/TABLE[1]/TBODY[1]/TR[1]/TD[2]/DIV[1]/FORM[1]/TABLE[1]/TBODY[1]/TR[3]/TD[2]/INPUT[1]", "xpath /HTML[1]/BODY[1]/TABLE[2]/TBODY[1]/TR[2]/TD[3]/TABLE[1]/TBODY[1]/TR[1]/TD[1]/TABLE[1]/TBODY[1]/TR[1]/TD[2]/DIV[1]/FORM[1]/TABLE[1]/TBODY[1]/TR[3]/TD[2]/INPUT[1]", "xpath /HTML[1]/BODY[1]/TABLE[2]/TBODY[1]/TR[2]/TD[3]/TABLE[1]/TBODY[1]/TR[1]/TD[1]/FORM[1]/TABLE[1]/TBODY[1]/TR[1]/TD[1]/INPUT[4]"]], "state47": [["xpath /HTML[1]/BODY[1]/TABLE[2]/TBODY[1]/TR[2]/TD[3]/TABLE[1]/TBODY[1]/TR[1]/TD[1]/TABLE[1]/TBODY[1]/TR[1]/TD[2]/DIV[1]/FORM[1]/TABLE[1]/TBODY[1]/TR[3]/TD[2]/INPUT[1]", "xpath /HTML[1]/BODY[1]/TABLE[2]/TBODY[1]/TR[2]/TD[3]/TABLE[1]/TBODY[1]/TR[1]/TD[1]/TABLE[1]/TBODY[1]/TR[1]/TD[2]/DIV[1]/FORM[1]/TABLE[1]/TBODY[1]/TR[3]/TD[2]/INPUT[1]", "xpath /HTML[1]/BODY[1]/TABLE[2]/TBODY[1]/TR[2]/TD[1]/FORM[1]/A[7]", "xpath /HTML[1]/BODY[1]/TABLE[2]/TBODY[1]/TR[2]/TD[3]/TABLE[1]/TBODY[1]/TR[1]/TD[1]/TABLE[1]/TBODY[1]/TR[1]/TD[1]/FORM[1]/INPUT[4]", "xpath /HTML[1]/BODY[1]/TABLE[2]/TBODY[1]/TR[2]/TD[3]/TABLE[1]/TBODY[1]/TR[1]/TD[1]/TABLE[1]/TBODY[1]/TR[1]/TD[1]/FORM[1]/INPUT[1]", "xpath /HTML[1]/BODY[1]/TABLE[2]/TBODY[1]/TR[2]/TD[3]/TABLE[1]/TBODY[1]/TR[1]/TD[1]/FORM[1]/TABLE[2]/TBODY[1]/TR[1]/TD[1]/INPUT[2]"]], "state71": [["xpath /HTML[1]/BODY[1]/TABLE[2]/TBODY[1]/TR[2]/TD[3]/TABLE[1]/TBODY[1]/TR[1]/TD[1]/TABLE[1]/TBODY[1]/TR[1]/TD[2]/DIV[1]/FORM[1]/TABLE[1]/TBODY[1]/TR[3]/TD[2]/INPUT[1]", "xpath /HTML[1]/BODY[1]/TABLE[2]/TBODY[1]/TR[2]/TD[3]/TABLE[1]/TBODY[1]/TR[1]/TD[1]/TABLE[1]/TBODY[1]/TR[1]/TD[2]/DIV[1]/FORM[1]/TABLE[1]/TBODY[1]/TR[3]/TD[2]/INPUT[1]", "xpath /HTML[1]/BODY[1]/TABLE[2]/TBODY[1]/TR[2]/TD[1]/FORM[1]/A[2]", "xpath /HTML[1]/BODY[1]/TABLE[2]/TBODY[1]/TR[2]/TD[3]/TABLE[1]/TBODY[1]/TR[1]/TD[1]/TABLE[1]/TBODY[1]/TR[1]/TD[1]/FORM[1]/INPUT[3]"]], "state70": [["xpath /HTML[1]/BODY[1]/TABLE[2]/TBODY[1]/TR[2]/TD[3]/TABLE[1]/TBODY[1]/TR[1]/TD[1]/TABLE[1]/TBODY[1]/TR[1]/TD[2]/DIV[1]/FORM[1]/TABLE[1]/TBODY[1]/TR[3]/TD[2]/INPUT[1]", "xpath /HTML[1]/BODY[1]/TABLE[2]/TBODY[1]/TR[2]/TD[3]/TABLE[1]/TBODY[1]/TR[1]/TD[1]/TABLE[1]/TBODY[1]/TR[1]/TD[2]/DIV[1]/FORM[1]/TABLE[1]/TBODY[1]/TR[3]/TD[2]/INPUT[1]", "xpath /HTML[1]/BODY[1]/TABLE[2]/TBODY[1]/TR[2]/TD[1]/FORM[1]/A[11]", "xpath /HTML[1]/BODY[1]/TABLE[2]/TBODY[1]/TR[2]/TD[3]/TABLE[1]/TBODY[1]/TR[1]/TD[1]/TABLE[1]/TBODY[1]/TR[1]/TD[1]/FORM[1]/INPUT[1]", "xpath /HTML[1]/BODY[1]/TABLE[2]/TBODY[1]/TR[2]/TD[3]/TABLE[1]/TBODY[1]/TR[1]/TD[1]/FORM[1]/TABLE[2]/TBODY[1]/TR[1]/TD[1]/INPUT[1]", "xpath /HTML[1]/BODY[1]/TABLE[2]/TBODY[1]/TR[2]/TD[3]/TABLE[1]/TBODY[1]/TR[1]/TD[1]/TABLE[1]/TBODY[1]/TR[1]/TD[1]/FORM[1]/CENTER[1]/A[1]"]], "state30": [["xpath /HTML[1]/BODY[1]/TABLE[2]/TBODY[1]/TR[2]/TD[3]/TABLE[1]/TBODY[1]/TR[1]/TD[1]/TABLE[1]/TBODY[1]/TR[1]/TD[2]/DIV[1]/FORM[1]/TABLE[1]/TBODY[1]/TR[3]/TD[2]/INPUT[1]", "xpath /HTML[1]/BODY[1]/TABLE[2]/TBODY[1]/TR[2]/TD[3]/TABLE[1]/TBODY[1]/TR[1]/TD[1]/TABLE[1]/TBODY[1]/TR[1]/TD[2]/DIV[1]/FORM[1]/TABLE[1]/TBODY[1]/TR[3]/TD[2]/INPUT[1]", "xpath /HTML[1]/BODY[1]/TABLE[2]/TBODY[1]/TR[2]/TD[1]/FORM[1]/A[12]"]], "state73": [["xpath /HTML[1]/BODY[1]/TABLE[2]/TBODY[1]/TR[2]/TD[3]/TABLE[1]/TBODY[1]/TR[1]/TD[1]/TABLE[1]/TBODY[1]/TR[1]/TD[2]/DIV[1]/FORM[1]/TABLE[1]/TBODY[1]/TR[3]/TD[2]/INPUT[1]", "xpath /HTML[1]/BODY[1]/TABLE[2]/TBODY[1]/TR[2]/TD[3]/TABLE[1]/TBODY[1]/TR[1]/TD[1]/TABLE[1]/TBODY[1]/TR[1]/TD[2]/DIV[1]/FORM[1]/TABLE[1]/TBODY[1]/TR[3]/TD[2]/INPUT[1]", "xpath /HTML[1]/BODY[1]/TABLE[2]/TBODY[1]/TR[2]/TD[3]/TABLE[1]/TBODY[1]/TR[1]/TD[1]/FORM[1]/TABLE[1]/TBODY[1]/TR[1]/TD[1]/INPUT[2]"]], "state35": [["xpath /HTML[1]/BODY[1]/TABLE[2]/TBODY[1]/TR[2]/TD[3]/TABLE[1]/TBODY[1]/TR[1]/TD[1]/TABLE[1]/TBODY[1]/TR[1]/TD[2]/DIV[1]/FORM[1]/TABLE[1]/TBODY[1]/TR[3]/TD[2]/INPUT[1]", "xpath /HTML[1]/BODY[1]/TABLE[2]/TBODY[1]/TR[2]/TD[3]/TABLE[1]/TBODY[1]/TR[1]/TD[1]/TABLE[1]/TBODY[1]/TR[1]/TD[2]/DIV[1]/FORM[1]/TABLE[1]/TBODY[1]/TR[3]/TD[2]/INPUT[1]", "xpath /HTML[1]/BODY[1]/TABLE[2]/TBODY[1]/TR[2]/TD[1]/FORM[1]/A[6]", "xpath /HTML[1]/BODY[1]/TABLE[2]/TBODY[1]/TR[2]/TD[3]/TABLE[1]/TBODY[1]/TR[1]/TD[1]/TABLE[1]/TBODY[1]/TR[1]/TD[1]/FORM[1]/INPUT[4]", "xpath /HTML[1]/BODY[1]/TABLE[2]/TBODY[1]/TR[2]/TD[3]/TABLE[1]/TBODY[1]/TR[1]/TD[1]/TABLE[1]/TBODY[1]/TR[1]/TD[1]/FORM[1]/INPUT[1]"]], "state34": [["xpath /HTML[1]/BODY[1]/TABLE[2]/TBODY[1]/TR[2]/TD[3]/TABLE[1]/TBODY[1]/TR[1]/TD[1]/TABLE[1]/TBODY[1]/TR[1]/TD[2]/DIV[1]/FORM[1]/TABLE[1]/TBODY[1]/TR[3]/TD[2]/INPUT[1]", "xpath /HTML[1]/BODY[1]/TABLE[2]/TBODY[1]/TR[2]/TD[3]/TABLE[1]/TBODY[1]/TR[1]/TD[1]/TABLE[1]/TBODY[1]/TR[1]/TD[2]/DIV[1]/FORM[1]/TABLE[1]/TBODY[1]/TR[3]/TD[2]/INPUT[1]", "xpath /HTML[1]/BODY[1]/TABLE[2]/TBODY[1]/TR[2]/TD[1]/FORM[1]/A[6]"]], "state32": [["xpath /HTML[1]/BODY[1]/TABLE[2]/TBODY[1]/TR[2]/TD[3]/TABLE[1]/TBODY[1]/TR[1]/TD[1]/TABLE[1]/TBODY[1]/TR[1]/TD[2]/DIV[1]/FORM[1]/TABLE[1]/TBODY[1]/TR[3]/TD[2]/INPUT[1]", "xpath /HTML[1]/BODY[1]/TABLE[2]/TBODY[1]/TR[2]/TD[3]/TABLE[1]/TBODY[1]/TR[1]/TD[1]/TABLE[1]/TBODY[1]/TR[1]/TD[2]/DIV[1]/FORM[1]/TABLE[1]/TBODY[1]/TR[3]/TD[2]/INPUT[1]", "xpath /HTML[1]/BODY[1]/TABLE[2]/TBODY[1]/TR[2]/TD[1]/FORM[1]/A[3]", "xpath /HTML[1]/BODY[1]/TABLE[2]/TBODY[1]/TR[2]/TD[3]/TABLE[1]/TBODY[1]/TR[1]/TD[1]/TABLE[1]/TBODY[1]/TR[1]/TD[1]/FORM[1]/INPUT[3]", "xpath /HTML[1]/BODY[1]/TABLE[2]/TBODY[1]/TR[2]/TD[3]/TABLE[1]/TBODY[1]/TR[1]/TD[1]/TABLE[1]/TBODY[1]/TR[1]/TD[1]/FORM[1]/INPUT[6]"]], "state38": [["xpath /HTML[1]/BODY[1]/TABLE[2]/TBODY[1]/TR[2]/TD[3]/TABLE[1]/TBODY[1]/TR[1]/TD[1]/TABLE[1]/TBODY[1]/TR[1]/TD[2]/DIV[1]/FORM[1]/TABLE[1]/TBODY[1]/TR[3]/TD[2]/INPUT[1]", "xpath /HTML[1]/BODY[1]/TABLE[2]/TBODY[1]/TR[2]/TD[3]/TABLE[1]/TBODY[1]/TR[1]/TD[1]/TABLE[1]/TBODY[1]/TR[1]/TD[2]/DIV[1]/FORM[1]/TABLE[1]/TBODY[1]/TR[3]/TD[2]/INPUT[1]", "xpath /HTML[1]/BODY[1]/TABLE[2]/TBODY[1]/TR[2]/TD[1]/FORM[1]/A[7]", "xpath /HTML[1]/BODY[1]/TABLE[2]/TBODY[1]/TR[2]/TD[3]/TABLE[1]/TBODY[1]/TR[1]/TD[1]/TABLE[1]/TBODY[1]/TR[1]/TD[1]/FORM[1]/INPUT[4]", "xpath /HTML[1]/BODY[1]/TABLE[2]/TBODY[1]/TR[2]/TD[3]/TABLE[1]/TBODY[1]/TR[1]/TD[1]/TABLE[1]/TBODY[1]/TR[1]/TD[1]/FORM[1]/INPUT[1]", "xpath /HTML[1]/BODY[1]/TABLE[2]/TBODY[1]/TR[2]/TD[3]/TABLE[1]/TBODY[1]/TR[1]/TD[1]/FORM[1]/TABLE[2]/TBODY[1]/TR[1]/TD[1]/INPUT[1]"]], "state37": [["xpath /HTML[1]/BODY[1]/TABLE[2]/TBODY[1]/TR[2]/TD[3]/TABLE[1]/TBODY[1]/TR[1]/TD[1]/TABLE[1]/TBODY[1]/TR[1]/TD[2]/DIV[1]/FORM[1]/TABLE[1]/TBODY[1]/TR[3]/TD[2]/INPUT[1]", "xpath /HTML[1]/BODY[1]/TABLE[2]/TBODY[1]/TR[2]/TD[3]/TABLE[1]/TBODY[1]/TR[1]/TD[1]/TABLE[1]/TBODY[1]/TR[1]/TD[2]/DIV[1]/FORM[1]/TABLE[1]/TBODY[1]/TR[3]/TD[2]/INPUT[1]", "xpath /HTML[1]/BODY[1]/TABLE[2]/TBODY[1]/TR[2]/TD[1]/FORM[1]/A[7]", "xpath /HTML[1]/BODY[1]/TABLE[2]/TBODY[1]/TR[2]/TD[3]/TABLE[1]/TBODY[1]/TR[1]/TD[1]/TABLE[1]/TBODY[1]/TR[1]/TD[1]/FORM[1]/INPUT[4]", "xpath /HTML[1]/BODY[1]/TABLE[2]/TBODY[1]/TR[2]/TD[3]/TABLE[1]/TBODY[1]/TR[1]/TD[1]/TABLE[1]/TBODY[1]/TR[1]/TD[1]/FORM[1]/INPUT[1]"]], "state36": [["xpath /HTML[1]/BODY[1]/TABLE[2]/TBODY[1]/TR[2]/TD[3]/TABLE[1]/TBODY[1]/TR[1]/TD[1]/TABLE[1]/TBODY[1]/TR[1]/TD[2]/DIV[1]/FORM[1]/TABLE[1]/TBODY[1]/TR[3]/TD[2]/INPUT[1]", "xpath /HTML[1]/BODY[1]/TABLE[2]/TBODY[1]/TR[2]/TD[3]/TABLE[1]/TBODY[1]/TR[1]/TD[1]/TABLE[1]/TBODY[1]/TR[1]/TD[2]/DIV[1]/FORM[1]/TABLE[1]/TBODY[1]/TR[3]/TD[2]/INPUT[1]", "xpath /HTML[1]/BODY[1]/TABLE[2]/TBODY[1]/TR[2]/TD[1]/FORM[1]/A[6]", "xpath /HTML[1]/BODY[1]/TABLE[2]/TBODY[1]/TR[2]/TD[3]/TABLE[1]/TBODY[1]/TR[1]/TD[1]/TABLE[1]/TBODY[1]/TR[1]/TD[1]/FORM[1]/INPUT[4]", "xpath /HTML[1]/BODY[1]/TABLE[2]/TBODY[1]/TR[2]/TD[3]/TABLE[1]/TBODY[1]/TR[1]/TD[1]/TABLE[1]/TBODY[1]/TR[1]/TD[1]/FORM[1]/INPUT[1]", "xpath /HTML[1]/BODY[1]/TABLE[2]/TBODY[1]/TR[2]/TD[3]/TABLE[1]/TBODY[1]/TR[1]/TD[1]/FORM[1]/TABLE[2]/TBODY[1]/TR[1]/TD[1]/INPUT[1]"]], "state60": [["xpath /HTML[1]/BODY[1]/TABLE[2]/TBODY[1]/TR[2]/TD[3]/TABLE[1]/TBODY[1]/TR[1]/TD[1]/TABLE[1]/TBODY[1]/TR[1]/TD[2]/DIV[1]/FORM[1]/TABLE[1]/TBODY[1]/TR[3]/TD[2]/INPUT[1]", "xpath /HTML[1]/BODY[1]/TABLE[2]/TBODY[1]/TR[2]/TD[3]/TABLE[1]/TBODY[1]/TR[1]/TD[1]/TABLE[1]/TBODY[1]/TR[1]/TD[2]/DIV[1]/FORM[1]/TABLE[1]/TBODY[1]/TR[3]/TD[2]/INPUT[1]", "xpath /HTML[1]/BODY[1]/TABLE[2]/TBODY[1]/TR[2]/TD[1]/FORM[1]/A[7]", "xpath /HTML[1]/BODY[1]/TABLE[2]/TBODY[1]/TR[2]/TD[3]/TABLE[1]/TBODY[1]/TR[1]/TD[1]/TABLE[1]/TBODY[1]/TR[1]/TD[1]/FORM[1]/INPUT[5]"]], "state20": [["xpath /HTML[1]/BODY[1]/TABLE[2]/TBODY[1]/TR[2]/TD[3]/TABLE[1]/TBODY[1]/TR[1]/TD[1]/TABLE[1]/TBODY[1]/TR[1]/TD[2]/DIV[1]/FORM[1]/TABLE[1]/TBODY[1]/TR[3]/TD[2]/INPUT[1]", "xpath /HTML[1]/BODY[1]/TABLE[2]/TBODY[1]/TR[2]/TD[3]/TABLE[1]/TBODY[1]/TR[1]/TD[1]/TABLE[1]/TBODY[1]/TR[1]/TD[2]/DIV[1]/FORM[1]/TABLE[1]/TBODY[1]/TR[3]/TD[2]/INPUT[1]", "xpath /HTML[1]/BODY[1]/TABLE[2]/TBODY[1]/TR[2]/TD[1]/FORM[1]/A[8]", "xpath /HTML[1]/BODY[1]/TABLE[2]/TBODY[1]/TR[2]/TD[3]/TABLE[1]/TBODY[1]/TR[1]/TD[1]/TABLE[1]/TBODY[1]/TR[1]/TD[1]/FORM[1]/INPUT[2]"]], "state64": [["xpath /HTML[1]/BODY[1]/TABLE[2]/TBODY[1]/TR[2]/TD[3]/TABLE[1]/TBODY[1]/TR[1]/TD[1]/TABLE[1]/TBODY[1]/TR[1]/TD[2]/DIV[1]/FORM[1]/TABLE[1]/TBODY[1]/TR[3]/TD[2]/INPUT[1]", "xpath /HTML[1]/BODY[1]/TABLE[2]/TBODY[1]/TR[2]/TD[3]/TABLE[1]/TBODY[1]/TR[1]/TD[1]/TABLE[1]/TBODY[1]/TR[1]/TD[2]/DIV[1]/FORM[1]/TABLE[1]/TBODY[1]/TR[3]/TD[2]/INPUT[1]", "xpath /HTML[1]/BODY[1]/TABLE[2]/TBODY[1]/TR[2]/TD[1]/FORM[1]/A[2]", "xpath /HTML[1]/BODY[1]/TABLE[2]/TBODY[1]/TR[2]/TD[3]/TABLE[1]/TBODY[1]/TR[1]/TD[1]/TABLE[1]/TBODY[1]/TR[1]/TD[1]/FORM[1]/INPUT[5]"]], "state63": [["xpath /HTML[1]/BODY[1]/TABLE[2]/TBODY[1]/TR[2]/TD[3]/TABLE[1]/TBODY[1]/TR[1]/TD[1]/TABLE[1]/TBODY[1]/TR[1]/TD[2]/DIV[1]/FORM[1]/TABLE[1]/TBODY[1]/TR[3]/TD[2]/INPUT[1]", "xpath /HTML[1]/BODY[1]/TABLE[2]/TBODY[1]/TR[2]/TD[3]/TABLE[1]/TBODY[1]/TR[1]/TD[1]/TABLE[1]/TBODY[1]/TR[1]/TD[2]/DIV[1]/FORM[1]/TABLE[1]/TBODY[1]/TR[3]/TD[2]/INPUT[1]", "xpath /HTML[1]/BODY[1]/TABLE[2]/TBODY[1]/TR[2]/TD[1]/FORM[1]/A[11]", "xpath /HTML[1]/BODY[1]/TABLE[2]/TBODY[1]/TR[2]/TD[3]/TABLE[1]/TBODY[1]/TR[1]/TD[1]/TABLE[1]/TBODY[1]/TR[1]/TD[1]/FORM[1]/INPUT[1]", "xpath /HTML[1]/BODY[1]/TABLE[2]/TBODY[1]/TR[2]/TD[3]/TABLE[1]/TBODY[1]/TR[1]/TD[1]/FORM[1]/TABLE[2]/TBODY[1]/TR[1]/TD[1]/INPUT[2]"]], "state62": [["xpath /HTML[1]/BODY[1]/TABLE[2]/TBODY[1]/TR[2]/TD[3]/TABLE[1]/TBODY[1]/TR[1]/TD[1]/TABLE[1]/TBODY[1]/TR[1]/TD[2]/DIV[1]/FORM[1]/TABLE[1]/TBODY[1]/TR[3]/TD[2]/INPUT[1]", "xpath /HTML[1]/BODY[1]/TABLE[2]/TBODY[1]/TR[2]/TD[3]/TABLE[1]/TBODY[1]/TR[1]/TD[1]/TABLE[1]/TBODY[1]/TR[1]/TD[2]/DIV[1]/FORM[1]/TABLE[1]/TBODY[1]/TR[3]/TD[2]/INPUT[1]", "xpath /HTML[1]/BODY[1]/TABLE[2]/TBODY[1]/TR[2]/TD[1]/FORM[1]/A[11]", "xpath /HTML[1]/BODY[1]/TABLE[2]/TBODY[1]/TR[2]/TD[3]/TABLE[1]/TBODY[1]/TR[1]/TD[1]/TABLE[1]/TBODY[1]/TR[1]/TD[1]/FORM[1]/INPUT[1]"]], "state61": [["xpath /HTML[1]/BODY[1]/TABLE[2]/TBODY[1]/TR[2]/TD[3]/TABLE[1]/TBODY[1]/TR[1]/TD[1]/TABLE[1]/TBODY[1]/TR[1]/TD[2]/DIV[1]/FORM[1]/TABLE[1]/TBODY[1]/TR[3]/TD[2]/INPUT[1]", "xpath /HTML[1]/BODY[1]/TABLE[2]/TBODY[1]/TR[2]/TD[3]/TABLE[1]/TBODY[1]/TR[1]/TD[1]/TABLE[1]/TBODY[1]/TR[1]/TD[2]/DIV[1]/FORM[1]/TABLE[1]/TBODY[1]/TR[3]/TD[2]/INPUT[1]", "xpath /HTML[1]/BODY[1]/TABLE[2]/TBODY[1]/TR[2]/TD[1]/FORM[1]/A[11]"]], "state24": [["xpath /HTML[1]/BODY[1]/TABLE[2]/TBODY[1]/TR[2]/TD[3]/TABLE[1]/TBODY[1]/TR[1]/TD[1]/TABLE[1]/TBODY[1]/TR[1]/TD[2]/DIV[1]/FORM[1]/TABLE[1]/TBODY[1]/TR[3]/TD[2]/INPUT[1]", "xpath /HTML[1]/BODY[1]/TABLE[2]/TBODY[1]/TR[2]/TD[3]/TABLE[1]/TBODY[1]/TR[1]/TD[1]/TABLE[1]/TBODY[1]/TR[1]/TD[2]/DIV[1]/FORM[1]/TABLE[1]/TBODY[1]/TR[3]/TD[2]/INPUT[1]", "xpath /HTML[1]/BODY[1]/TABLE[2]/TBODY[1]/TR[2]/TD[1]/FORM[1]/A[10]", "xpath /HTML[1]/BODY[1]/TABLE[2]/TBODY[1]/TR[2]/TD[3]/TABLE[1]/TBODY[1]/TR[1]/TD[1]/TABLE[1]/TBODY[1]/TR[1]/TD[1]/FORM[1]/INPUT[2]", "xpath /HTML[1]/BODY[1]/TABLE[2]/TBODY[1]/TR[2]/TD[3]/TABLE[1]/TBODY[1]/TR[1]/TD[1]/TABLE[1]/TBODY[1]/TR[1]/TD[1]/FORM[1]/INPUT[5]"]], "state68": [["xpath /HTML[1]/BODY[1]/TABLE[2]/TBODY[1]/TR[2]/TD[3]/TABLE[1]/TBODY[1]/TR[1]/TD[1]/TABLE[1]/TBODY[1]/TR[1]/TD[2]/DIV[1]/FORM[1]/TABLE[1]/TBODY[1]/TR[3]/TD[2]/INPUT[1]", "xpath /HTML[1]/BODY[1]/TABLE[2]/TBODY[1]/TR[2]/TD[3]/TABLE[1]/TBODY[1]/TR[1]/TD[1]/TABLE[1]/TBODY[1]/TR[1]/TD[2]/DIV[1]/FORM[1]/TABLE[1]/TBODY[1]/TR[3]/TD[2]/INPUT[1]", "xpath /HTML[1]/BODY[1]/TABLE[2]/TBODY[1]/TR[2]/TD[1]/FORM[1]/A[11]", "xpath /HTML[1]/BODY[1]/TABLE[2]/TBODY[1]/TR[2]/TD[3]/TABLE[1]/TBODY[1]/TR[1]/TD[1]/TABLE[1]/TBODY[1]/TR[1]/TD[1]/FORM[1]/INPUT[3]"]], "state23": [["xpath /HTML[1]/BODY[1]/TABLE[2]/TBODY[1]/TR[2]/TD[3]/TABLE[1]/TBODY[1]/TR[1]/TD[1]/TABLE[1]/TBODY[1]/TR[1]/TD[2]/DIV[1]/FORM[1]/TABLE[1]/TBODY[1]/TR[3]/TD[2]/INPUT[1]", "xpath /HTML[1]/BODY[1]/TABLE[2]/TBODY[1]/TR[2]/TD[3]/TABLE[1]/TBODY[1]/TR[1]/TD[1]/TABLE[1]/TBODY[1]/TR[1]/TD[2]/DIV[1]/FORM[1]/TABLE[1]/TBODY[1]/TR[3]/TD[2]/INPUT[1]", "xpath /HTML[1]/BODY[1]/TABLE[2]/TBODY[1]/TR[2]/TD[1]/FORM[1]/A[3]", "xpath /HTML[1]/BODY[1]/TABLE[2]/TBODY[1]/TR[2]/TD[3]/TABLE[1]/TBODY[1]/TR[1]/TD[1]/TABLE[1]/TBODY[1]/TR[1]/TD[1]/FORM[1]/INPUT[1]", "xpath /HTML[1]/BODY[1]/TABLE[2]/TBODY[1]/TR[2]/TD[3]/TABLE[1]/TBODY[1]/TR[1]/TD[1]/TABLE[1]/TBODY[1]/TR[1]/TD[1]/FORM[1]/INPUT[4]", "xpath /HTML[1]/BODY[1]/TABLE[2]/TBODY[1]/TR[2]/TD[3]/TABLE[1]/TBODY[1]/TR[1]/TD[1]/FORM[1]/TABLE[2]/TBODY[1]/TR[1]/TD[1]/INPUT[2]"]], "state67": [["xpath /HTML[1]/BODY[1]/TABLE[2]/TBODY[1]/TR[2]/TD[3]/TABLE[1]/TBODY[1]/TR[1]/TD[1]/TABLE[1]/TBODY[1]/TR[1]/TD[2]/DIV[1]/FORM[1]/TABLE[1]/TBODY[1]/TR[3]/TD[2]/INPUT[1]", "xpath /HTML[1]/BODY[1]/TABLE[2]/TBODY[1]/TR[2]/TD[3]/TABLE[1]/TBODY[1]/TR[1]/TD[1]/TABLE[1]/TBODY[1]/TR[1]/TD[2]/DIV[1]/FORM[1]/TABLE[1]/TBODY[1]/TR[3]/TD[2]/INPUT[1]", "xpath /HTML[1]/BODY[1]/TABLE[2]/TBODY[1]/TR[2]/TD[1]/FORM[1]/A[5]", "xpath /HTML[1]/BODY[1]/TABLE[2]/TBODY[1]/TR[2]/TD[3]/TABLE[1]/TBODY[1]/TR[1]/TD[1]/TABLE[1]/TBODY[1]/TR[1]/TD[1]/FORM[1]/CENTER[1]/A[1]"]], "state22": [["xpath /HTML[1]/BODY[1]/TABLE[2]/TBODY[1]/TR[2]/TD[3]/TABLE[1]/TBODY[1]/TR[1]/TD[1]/TABLE[1]/TBODY[1]/TR[1]/TD[2]/DIV[1]/FORM[1]/TABLE[1]/TBODY[1]/TR[3]/TD[2]/INPUT[1]", "xpath /HTML[1]/BODY[1]/TABLE[2]/TBODY[1]/TR[2]/TD[3]/TABLE[1]/TBODY[1]/TR[1]/TD[1]/TABLE[1]/TBODY[1]/TR[1]/TD[2]/DIV[1]/FORM[1]/TABLE[1]/TBODY[1]/TR[3]/TD[2]/INPUT[1]", "xpath /HTML[1]/BODY[1]/TABLE[2]/TBODY[1]/TR[2]/TD[1]/FORM[1]/A[3]", "xpath /HTML[1]/BODY[1]/TABLE[2]/TBODY[1]/TR[2]/TD[3]/TABLE[1]/TBODY[1]/TR[1]/TD[1]/TABLE[1]/TBODY[1]/TR[1]/TD[1]/FORM[1]/INPUT[5]", "xpath /HTML[1]/BODY[1]/TABLE[2]/TBODY[1]/TR[2]/TD[3]/TABLE[1]/TBODY[1]/TR[1]/TD[1]/TABLE[1]/TBODY[1]/TR[1]/TD[1]/FORM[1]/INPUT[2]"]], "state66": [["xpath /HTML[1]/BODY[1]/TABLE[2]/TBODY[1]/TR[2]/TD[3]/TABLE[1]/TBODY[1]/TR[1]/TD[1]/TABLE[1]/TBODY[1]/TR[1]/TD[2]/DIV[1]/FORM[1]/TABLE[1]/TBODY[1]/TR[3]/TD[2]/INPUT[1]", "xpath /HTML[1]/BODY[1]/TABLE[2]/TBODY[1]/TR[2]/TD[3]/TABLE[1]/TBODY[1]/TR[1]/TD[1]/TABLE[1]/TBODY[1]/TR[1]/TD[2]/DIV[1]/FORM[1]/TABLE[1]/TBODY[1]/TR[3]/TD[2]/INPUT[1]", "xpath /HTML[1]/BODY[1]/TABLE[2]/TBODY[1]/TR[2]/TD[1]/FORM[1]/A[5]"]], "state21": [["xpath /HTML[1]/BODY[1]/TABLE[2]/TBODY[1]/TR[2]/TD[3]/TABLE[1]/TBODY[1]/TR[1]/TD[1]/TABLE[1]/TBODY[1]/TR[1]/TD[2]/DIV[1]/FORM[1]/TABLE[1]/TBODY[1]/TR[3]/TD[2]/INPUT[1]", "xpath /HTML[1]/BODY[1]/TABLE[2]/TBODY[1]/TR[2]/TD[3]/TABLE[1]/TBODY[1]/TR[1]/TD[1]/TABLE[1]/TBODY[1]/TR[1]/TD[2]/DIV[1]/FORM[1]/TABLE[1]/TBODY[1]/TR[3]/TD[2]/INPUT[1]", "xpath /HTML[1]/BODY[1]/TABLE[2]/TBODY[1]/TR[2]/TD[3]/TABLE[1]/TBODY[1]/TR[1]/TD[1]/FORM[1]/TABLE[1]/TBODY[1]/TR[1]/TD[1]/INPUT[5]", "xpath /HTML[1]/BODY[1]/TABLE[2]/TBODY[1]/TR[2]/TD[3]/TABLE[1]/TBODY[1]/TR[1]/TD[1]/FORM[1]/TABLE[2]/TBODY[1]/TR[1]/TD[1]/INPUT[6]"]], "state65": [["xpath /HTML[1]/BODY[1]/TABLE[2]/TBODY[1]/TR[2]/TD[3]/TABLE[1]/TBODY[1]/TR[1]/TD[1]/TABLE[1]/TBODY[1]/TR[1]/TD[2]/DIV[1]/FORM[1]/TABLE[1]/TBODY[1]/TR[3]/TD[2]/INPUT[1]", "xpath /HTML[1]/BODY[1]/TABLE[2]/TBODY[1]/TR[2]/TD[3]/TABLE[1]/TBODY[1]/TR[1]/TD[1]/TABLE[1]/TBODY[1]/TR[1]/TD[2]/DIV[1]/FORM[1]/TABLE[1]/TBODY[1]/TR[3]/TD[2]/INPUT[1]", "xpath /HTML[1]/BODY[1]/TABLE[2]/TBODY[1]/TR[2]/TD[1]/FORM[1]/A[6]", "xpath /HTML[1]/BODY[1]/TABLE[2]/TBODY[1]/TR[2]/TD[3]/TABLE[1]/TBODY[1]/TR[1]/TD[1]/TABLE[1]/TBODY[1]/TR[1]/TD[1]/FORM[1]/INPUT[2]"]], "state27": [["xpath /HTML[1]/BODY[1]/TABLE[2]/TBODY[1]/TR[2]/TD[3]/TABLE[1]/TBODY[1]/TR[1]/TD[1]/TABLE[1]/TBODY[1]/TR[1]/TD[2]/DIV[1]/FORM[1]/TABLE[1]/TBODY[1]/TR[3]/TD[2]/INPUT[1]", "xpath /HTML[1]/BODY[1]/TABLE[2]/TBODY[1]/TR[2]/TD[3]/TABLE[1]/TBODY[1]/TR[1]/TD[1]/TABLE[1]/TBODY[1]/TR[1]/TD[2]/DIV[1]/FORM[1]/TABLE[1]/TBODY[1]/TR[3]/TD[2]/INPUT[1]", "xpath /HTML[1]/BODY[1]/TABLE[2]/TBODY[1]/TR[2]/TD[1]/FORM[1]/A[8]", "xpath /HTML[1]/BODY[1]/TABLE[2]/TBODY[1]/TR[2]/TD[3]/TABLE[1]/TBODY[1]/TR[1]/TD[1]/TABLE[1]/TBODY[1]/TR[1]/TD[1]/FORM[1]/TABLE[1]/TBODY[1]/TR[2]/TD[1]/INPUT[1]"]], "state26": [["xpath /HTML[1]/BODY[1]/TABLE[2]/TBODY[1]/TR[2]/TD[3]/TABLE[1]/TBODY[1]/TR[1]/TD[1]/TABLE[1]/TBODY[1]/TR[1]/TD[2]/DIV[1]/FORM[1]/TABLE[1]/TBODY[1]/TR[3]/TD[2]/INPUT[1]", "xpath /HTML[1]/BODY[1]/TABLE[2]/TBODY[1]/TR[2]/TD[3]/TABLE[1]/TBODY[1]/TR[1]/TD[1]/TABLE[1]/TBODY[1]/TR[1]/TD[2]/DIV[1]/FORM[1]/TABLE[1]/TBODY[1]/TR[3]/TD[2]/INPUT[1]", "xpath /HTML[1]/BODY[1]/TABLE[2]/TBODY[1]/TR[2]/TD[1]/FORM[1]/A[7]", "xpath /HTML[1]/BODY[1]/TABLE[2]/TBODY[1]/TR[2]/TD[3]/TABLE[1]/TBODY[1]/TR[1]/TD[1]/TABLE[1]/TBODY[1]/TR[1]/TD[1]/FORM[1]/INPUT[6]", "xpath /HTML[1]/BODY[1]/TABLE[2]/TBODY[1]/TR[2]/TD[3]/TABLE[1]/TBODY[1]/TR[1]/TD[1]/TABLE[1]/TBODY[1]/TR[1]/TD[1]/FORM[1]/INPUT[3]"]], "state25": [["xpath /HTML[1]/BODY[1]/TABLE[2]/TBODY[1]/TR[2]/TD[3]/TABLE[1]/TBODY[1]/TR[1]/TD[1]/TABLE[1]/TBODY[1]/TR[1]/TD[2]/DIV[1]/FORM[1]/TABLE[1]/TBODY[1]/TR[3]/TD[2]/INPUT[1]", "xpath /HTML[1]/BODY[1]/TABLE[2]/TBODY[1]/TR[2]/TD[3]/TABLE[1]/TBODY[1]/TR[1]/TD[1]/TABLE[1]/TBODY[1]/TR[1]/TD[2]/DIV[1]/FORM[1]/TABLE[1]/TBODY[1]/TR[3]/TD[2]/INPUT[1]", "xpath /HTML[1]/BODY[1]/TABLE[2]/TBODY[1]/TR[2]/TD[1]/FORM[1]/A[7]"]], "state69": [["xpath /HTML[1]/BODY[1]/TABLE[2]/TBODY[1]/TR[2]/TD[3]/TABLE[1]/TBODY[1]/TR[1]/TD[1]/TABLE[1]/TBODY[1]/TR[1]/TD[2]/DIV[1]/FORM[1]/TABLE[1]/TBODY[1]/TR[3]/TD[2]/INPUT[1]", "xpath /HTML[1]/BODY[1]/TABLE[2]/TBODY[1]/TR[2]/TD[3]/TABLE[1]/TBODY[1]/TR[1]/TD[1]/TABLE[1]/TBODY[1]/TR[1]/TD[2]/DIV[1]/FORM[1]/TABLE[1]/TBODY[1]/TR[3]/TD[2]/INPUT[1]", "xpath /HTML[1]/BODY[1]/TABLE[2]/TBODY[1]/TR[2]/TD[1]/FORM[1]/A[11]", "xpath /HTML[1]/BODY[1]/TABLE[2]/TBODY[1]/TR[2]/TD[3]/TABLE[1]/TBODY[1]/TR[1]/TD[1]/TABLE[1]/TBODY[1]/TR[1]/TD[1]/FORM[1]/INPUT[1]", "xpath /HTML[1]/BODY[1]/TABLE[2]/TBODY[1]/TR[2]/TD[3]/TABLE[1]/TBODY[1]/TR[1]/TD[1]/FORM[1]/TABLE[2]/TBODY[1]/TR[1]/TD[1]/INPUT[1]"]]}