{
  "states" : {
    "state53" : {
      "name" : "state53",
      "url" : "http://192.168.1.68/schoolmate/index.php",
      "candidateElements" : [ ],
      "fanIn" : 1,
      "fanOut" : 0,
      "id" : 53,
      "failedEvents" : [ ]
    },
    "state9" : {
      "name" : "state9",
      "url" : "http://192.168.1.68/schoolmate/index.php",
      "candidateElements" : [ ],
      "fanIn" : 1,
      "fanOut" : 0,
      "id" : 9,
      "failedEvents" : [ ]
    },
    "state52" : {
      "name" : "state52",
      "url" : "http://192.168.1.68/schoolmate/index.php",
      "candidateElements" : [ {
        "top" : 846,
        "left" : 753,
        "xpath" : "/HTML[1]/BODY[1]/TABLE[2]/TBODY[1]/TR[2]/TD[3]/TABLE[1]/TBODY[1]/TR[1]/TD[1]/TABLE[1]/TBODY[1]/TR[1]/TD[1]/FORM[1]/CENTER[1]/A[1]",
        "width" : 7,
        "height" : 16
      } ],
      "fanIn" : 1,
      "fanOut" : 1,
      "id" : 52,
      "failedEvents" : [ ]
    },
    "state51" : {
      "name" : "state51",
      "url" : "http://192.168.1.68/schoolmate/index.php",
      "candidateElements" : [ ],
      "fanIn" : 1,
      "fanOut" : 0,
      "id" : 51,
      "failedEvents" : [ ]
    },
    "state50" : {
      "name" : "state50",
      "url" : "http://192.168.1.68/schoolmate/index.php",
      "candidateElements" : [ ],
      "fanIn" : 1,
      "fanOut" : 0,
      "id" : 50,
      "failedEvents" : [ ]
    },
    "state6" : {
      "name" : "state6",
      "url" : "http://192.168.1.68/schoolmate/index.php",
      "candidateElements" : [ {
        "top" : 420,
        "left" : 490,
        "xpath" : "/HTML[1]/BODY[1]/TABLE[2]/TBODY[1]/TR[2]/TD[3]/TABLE[1]/TBODY[1]/TR[1]/TD[1]/TABLE[1]/TBODY[1]/TR[1]/TD[1]/FORM[1]/INPUT[1]",
        "width" : 49,
        "height" : 24
      }, {
        "top" : 420,
        "left" : 594,
        "xpath" : "/HTML[1]/BODY[1]/TABLE[2]/TBODY[1]/TR[2]/TD[3]/TABLE[1]/TBODY[1]/TR[1]/TD[1]/TABLE[1]/TBODY[1]/TR[1]/TD[1]/FORM[1]/INPUT[3]",
        "width" : 64,
        "height" : 24
      }, {
        "top" : 420,
        "left" : 543,
        "xpath" : "/HTML[1]/BODY[1]/TABLE[2]/TBODY[1]/TR[2]/TD[3]/TABLE[1]/TBODY[1]/TR[1]/TD[1]/TABLE[1]/TBODY[1]/TR[1]/TD[1]/FORM[1]/INPUT[2]",
        "width" : 47,
        "height" : 24
      }, {
        "top" : 583,
        "left" : 543,
        "xpath" : "/HTML[1]/BODY[1]/TABLE[2]/TBODY[1]/TR[2]/TD[3]/TABLE[1]/TBODY[1]/TR[1]/TD[1]/TABLE[1]/TBODY[1]/TR[1]/TD[1]/FORM[1]/INPUT[5]",
        "width" : 47,
        "height" : 24
      }, {
        "top" : 583,
        "left" : 490,
        "xpath" : "/HTML[1]/BODY[1]/TABLE[2]/TBODY[1]/TR[2]/TD[3]/TABLE[1]/TBODY[1]/TR[1]/TD[1]/TABLE[1]/TBODY[1]/TR[1]/TD[1]/FORM[1]/INPUT[4]",
        "width" : 49,
        "height" : 24
      }, {
        "top" : 583,
        "left" : 594,
        "xpath" : "/HTML[1]/BODY[1]/TABLE[2]/TBODY[1]/TR[2]/TD[3]/TABLE[1]/TBODY[1]/TR[1]/TD[1]/TABLE[1]/TBODY[1]/TR[1]/TD[1]/FORM[1]/INPUT[6]",
        "width" : 64,
        "height" : 24
      } ],
      "fanIn" : 1,
      "fanOut" : 6,
      "id" : 6,
      "failedEvents" : [ ]
    },
    "state8" : {
      "name" : "state8",
      "url" : "http://192.168.1.68/schoolmate/index.php",
      "candidateElements" : [ ],
      "fanIn" : 1,
      "fanOut" : 0,
      "id" : 8,
      "failedEvents" : [ ]
    },
    "state7" : {
      "name" : "state7",
      "url" : "http://192.168.1.68/schoolmate/index.php",
      "candidateElements" : [ {
        "top" : 388,
        "left" : 587,
        "xpath" : "/HTML[1]/BODY[1]/TABLE[2]/TBODY[1]/TR[2]/TD[3]/TABLE[1]/TBODY[1]/TR[1]/TD[1]/FORM[1]/TABLE[2]/TBODY[1]/TR[1]/TD[1]/INPUT[2]",
        "width" : 66,
        "height" : 24
      }, {
        "top" : 388,
        "left" : 492,
        "xpath" : "/HTML[1]/BODY[1]/TABLE[2]/TBODY[1]/TR[2]/TD[3]/TABLE[1]/TBODY[1]/TR[1]/TD[1]/FORM[1]/TABLE[2]/TBODY[1]/TR[1]/TD[1]/INPUT[1]",
        "width" : 91,
        "height" : 24
      } ],
      "fanIn" : 2,
      "fanOut" : 2,
      "id" : 7,
      "failedEvents" : [ ]
    },
    "state2" : {
      "name" : "state2",
      "url" : "http://192.168.1.68/schoolmate/index.php",
      "candidateElements" : [ {
        "top" : 590,
        "left" : 513,
        "xpath" : "/HTML[1]/BODY[1]/TABLE[2]/TBODY[1]/TR[2]/TD[3]/TABLE[1]/TBODY[1]/TR[1]/TD[1]/FORM[1]/TABLE[2]/TBODY[1]/TR[1]/TD[1]/INPUT[8]",
        "width" : 66,
        "height" : 24
      }, {
        "top" : 590,
        "left" : 432,
        "xpath" : "/HTML[1]/BODY[1]/TABLE[2]/TBODY[1]/TR[2]/TD[3]/TABLE[1]/TBODY[1]/TR[1]/TD[1]/FORM[1]/TABLE[2]/TBODY[1]/TR[1]/TD[1]/INPUT[7]",
        "width" : 77,
        "height" : 24
      }, {
        "top" : 590,
        "left" : 342,
        "xpath" : "/HTML[1]/BODY[1]/TABLE[2]/TBODY[1]/TR[2]/TD[3]/TABLE[1]/TBODY[1]/TR[1]/TD[1]/FORM[1]/TABLE[2]/TBODY[1]/TR[1]/TD[1]/INPUT[6]",
        "width" : 86,
        "height" : 24
      } ],
      "fanIn" : 1,
      "fanOut" : 3,
      "id" : 2,
      "failedEvents" : [ ]
    },
    "state1" : {
      "name" : "state1",
      "url" : "http://192.168.1.68/schoolmate/index.php",
      "candidateElements" : [ {
        "top" : 618,
        "left" : 290,
        "xpath" : "/HTML[1]/BODY[1]/TABLE[2]/TBODY[1]/TR[2]/TD[3]/TABLE[1]/TBODY[1]/TR[1]/TD[1]/FORM[1]/TABLE[1]/TBODY[1]/TR[1]/TD[1]/INPUT[5]",
        "width" : 49,
        "height" : 24
      }, {
        "top" : 639,
        "left" : 8,
        "xpath" : "/HTML[1]/BODY[1]/TABLE[2]/TBODY[1]/TR[2]/TD[1]/FORM[1]/A[10]",
        "width" : 59,
        "height" : 19
      }, {
        "top" : 704,
        "left" : 753,
        "xpath" : "/HTML[1]/BODY[1]/TABLE[2]/TBODY[1]/TR[2]/TD[3]/TABLE[1]/TBODY[1]/TR[1]/TD[1]/FORM[1]/TABLE[1]/TBODY[1]/TR[1]/TD[1]/CENTER[1]/A[1]",
        "width" : 7,
        "height" : 16
      }, {
        "top" : 359,
        "left" : 8,
        "xpath" : "/HTML[1]/BODY[1]/TABLE[2]/TBODY[1]/TR[2]/TD[1]/FORM[1]/A[3]",
        "width" : 81,
        "height" : 19
      }, {
        "top" : 559,
        "left" : 8,
        "xpath" : "/HTML[1]/BODY[1]/TABLE[2]/TBODY[1]/TR[2]/TD[1]/FORM[1]/A[8]",
        "width" : 93,
        "height" : 19
      }, {
        "top" : 519,
        "left" : 8,
        "xpath" : "/HTML[1]/BODY[1]/TABLE[2]/TBODY[1]/TR[2]/TD[1]/FORM[1]/A[7]",
        "width" : 69,
        "height" : 19
      }, {
        "top" : 719,
        "left" : 8,
        "xpath" : "/HTML[1]/BODY[1]/TABLE[2]/TBODY[1]/TR[2]/TD[1]/FORM[1]/A[12]",
        "width" : 61,
        "height" : 19
      }, {
        "top" : 479,
        "left" : 8,
        "xpath" : "/HTML[1]/BODY[1]/TABLE[2]/TBODY[1]/TR[2]/TD[1]/FORM[1]/A[6]",
        "width" : 70,
        "height" : 19
      }, {
        "top" : 319,
        "left" : 8,
        "xpath" : "/HTML[1]/BODY[1]/TABLE[2]/TBODY[1]/TR[2]/TD[1]/FORM[1]/A[2]",
        "width" : 47,
        "height" : 19
      }, {
        "top" : 521,
        "left" : 462,
        "xpath" : "/HTML[1]/BODY[1]/TABLE[2]/TBODY[1]/TR[2]/TD[3]/TABLE[1]/TBODY[1]/TR[1]/TD[1]/FORM[1]/TABLE[1]/TBODY[1]/TR[1]/TD[1]/INPUT[4]",
        "width" : 98,
        "height" : 24
      }, {
        "top" : 521,
        "left" : 394,
        "xpath" : "/HTML[1]/BODY[1]/TABLE[2]/TBODY[1]/TR[2]/TD[3]/TABLE[1]/TBODY[1]/TR[1]/TD[1]/FORM[1]/TABLE[1]/TBODY[1]/TR[1]/TD[1]/INPUT[3]",
        "width" : 64,
        "height" : 24
      }, {
        "top" : 679,
        "left" : 8,
        "xpath" : "/HTML[1]/BODY[1]/TABLE[2]/TBODY[1]/TR[2]/TD[1]/FORM[1]/A[11]",
        "width" : 126,
        "height" : 19
      }, {
        "top" : 439,
        "left" : 8,
        "xpath" : "/HTML[1]/BODY[1]/TABLE[2]/TBODY[1]/TR[2]/TD[1]/FORM[1]/A[5]",
        "width" : 45,
        "height" : 19
      }, {
        "top" : 521,
        "left" : 343,
        "xpath" : "/HTML[1]/BODY[1]/TABLE[2]/TBODY[1]/TR[2]/TD[3]/TABLE[1]/TBODY[1]/TR[1]/TD[1]/FORM[1]/TABLE[1]/TBODY[1]/TR[1]/TD[1]/INPUT[2]",
        "width" : 47,
        "height" : 24
      }, {
        "top" : 618,
        "left" : 394,
        "xpath" : "/HTML[1]/BODY[1]/TABLE[2]/TBODY[1]/TR[2]/TD[3]/TABLE[1]/TBODY[1]/TR[1]/TD[1]/FORM[1]/TABLE[1]/TBODY[1]/TR[1]/TD[1]/INPUT[7]",
        "width" : 64,
        "height" : 24
      }, {
        "top" : 599,
        "left" : 8,
        "xpath" : "/HTML[1]/BODY[1]/TABLE[2]/TBODY[1]/TR[2]/TD[1]/FORM[1]/A[9]",
        "width" : 87,
        "height" : 19
      }, {
        "top" : 521,
        "left" : 290,
        "xpath" : "/HTML[1]/BODY[1]/TABLE[2]/TBODY[1]/TR[2]/TD[3]/TABLE[1]/TBODY[1]/TR[1]/TD[1]/FORM[1]/TABLE[1]/TBODY[1]/TR[1]/TD[1]/INPUT[1]",
        "width" : 49,
        "height" : 24
      }, {
        "top" : 618,
        "left" : 343,
        "xpath" : "/HTML[1]/BODY[1]/TABLE[2]/TBODY[1]/TR[2]/TD[3]/TABLE[1]/TBODY[1]/TR[1]/TD[1]/FORM[1]/TABLE[1]/TBODY[1]/TR[1]/TD[1]/INPUT[6]",
        "width" : 47,
        "height" : 24
      }, {
        "top" : 618,
        "left" : 462,
        "xpath" : "/HTML[1]/BODY[1]/TABLE[2]/TBODY[1]/TR[2]/TD[3]/TABLE[1]/TBODY[1]/TR[1]/TD[1]/FORM[1]/TABLE[1]/TBODY[1]/TR[1]/TD[1]/INPUT[8]",
        "width" : 98,
        "height" : 24
      }, {
        "top" : 399,
        "left" : 8,
        "xpath" : "/HTML[1]/BODY[1]/TABLE[2]/TBODY[1]/TR[2]/TD[1]/FORM[1]/A[4]",
        "width" : 61,
        "height" : 19
      }, {
        "top" : 279,
        "left" : 8,
        "xpath" : "/HTML[1]/BODY[1]/TABLE[2]/TBODY[1]/TR[2]/TD[1]/FORM[1]/A[1]",
        "width" : 54,
        "height" : 19
      } ],
      "fanIn" : 2,
      "fanOut" : 14,
      "id" : 1,
      "failedEvents" : [ "xpath /HTML[1]/BODY[1]/TABLE[2]/TBODY[1]/TR[2]/TD[3]/TABLE[1]/TBODY[1]/TR[1]/TD[1]/FORM[1]/TABLE[1]/TBODY[1]/TR[1]/TD[1]/INPUT[7]", "xpath /HTML[1]/BODY[1]/TABLE[2]/TBODY[1]/TR[2]/TD[1]/FORM[1]/A[9]", "xpath /HTML[1]/BODY[1]/TABLE[2]/TBODY[1]/TR[2]/TD[3]/TABLE[1]/TBODY[1]/TR[1]/TD[1]/FORM[1]/TABLE[1]/TBODY[1]/TR[1]/TD[1]/INPUT[1]", "xpath /HTML[1]/BODY[1]/TABLE[2]/TBODY[1]/TR[2]/TD[3]/TABLE[1]/TBODY[1]/TR[1]/TD[1]/FORM[1]/TABLE[1]/TBODY[1]/TR[1]/TD[1]/INPUT[6]", "xpath /HTML[1]/BODY[1]/TABLE[2]/TBODY[1]/TR[2]/TD[3]/TABLE[1]/TBODY[1]/TR[1]/TD[1]/FORM[1]/TABLE[1]/TBODY[1]/TR[1]/TD[1]/INPUT[8]", "xpath /HTML[1]/BODY[1]/TABLE[2]/TBODY[1]/TR[2]/TD[1]/FORM[1]/A[4]", "xpath /HTML[1]/BODY[1]/TABLE[2]/TBODY[1]/TR[2]/TD[1]/FORM[1]/A[1]" ]
    },
    "state3" : {
      "name" : "state3",
      "url" : "http://192.168.1.68/schoolmate/index.php",
      "candidateElements" : [ ],
      "fanIn" : 1,
      "fanOut" : 0,
      "id" : 3,
      "failedEvents" : [ ]
    },
    "state18" : {
      "name" : "state18",
      "url" : "http://192.168.1.68/schoolmate/index.php",
      "candidateElements" : [ {
        "top" : 521,
        "left" : 443,
        "xpath" : "/HTML[1]/BODY[1]/TABLE[2]/TBODY[1]/TR[2]/TD[3]/TABLE[1]/TBODY[1]/TR[1]/TD[1]/TABLE[1]/TBODY[1]/TR[1]/TD[1]/FORM[1]/TABLE[2]/TBODY[1]/TR[1]/TD[1]/P[1]/INPUT[1]",
        "width" : 55,
        "height" : 24
      } ],
      "fanIn" : 1,
      "fanOut" : 1,
      "id" : 18,
      "failedEvents" : [ ]
    },
    "state13" : {
      "name" : "state13",
      "url" : "http://192.168.1.68/schoolmate/index.php",
      "candidateElements" : [ {
        "top" : 388,
        "left" : 442,
        "xpath" : "/HTML[1]/BODY[1]/TABLE[2]/TBODY[1]/TR[2]/TD[3]/TABLE[1]/TBODY[1]/TR[1]/TD[1]/FORM[1]/TABLE[2]/TBODY[1]/TR[1]/TD[1]/INPUT[1]",
        "width" : 110,
        "height" : 24
      }, {
        "top" : 388,
        "left" : 556,
        "xpath" : "/HTML[1]/BODY[1]/TABLE[2]/TBODY[1]/TR[2]/TD[3]/TABLE[1]/TBODY[1]/TR[1]/TD[1]/FORM[1]/TABLE[2]/TBODY[1]/TR[1]/TD[1]/INPUT[2]",
        "width" : 66,
        "height" : 24
      } ],
      "fanIn" : 2,
      "fanOut" : 2,
      "id" : 13,
      "failedEvents" : [ ]
    },
    "state57" : {
      "name" : "state57",
      "url" : "http://192.168.1.68/schoolmate/index.php",
      "candidateElements" : [ ],
      "fanIn" : 1,
      "fanOut" : 0,
      "id" : 57,
      "failedEvents" : [ ]
    },
    "state12" : {
      "name" : "state12",
      "url" : "http://192.168.1.68/schoolmate/index.php",
      "candidateElements" : [ {
        "top" : 420,
        "left" : 440,
        "xpath" : "/HTML[1]/BODY[1]/TABLE[2]/TBODY[1]/TR[2]/TD[3]/TABLE[1]/TBODY[1]/TR[1]/TD[1]/TABLE[1]/TBODY[1]/TR[1]/TD[1]/FORM[1]/INPUT[1]",
        "width" : 49,
        "height" : 24
      }, {
        "top" : 679,
        "left" : 493,
        "xpath" : "/HTML[1]/BODY[1]/TABLE[2]/TBODY[1]/TR[2]/TD[3]/TABLE[1]/TBODY[1]/TR[1]/TD[1]/TABLE[1]/TBODY[1]/TR[1]/TD[1]/FORM[1]/INPUT[5]",
        "width" : 47,
        "height" : 24
      }, {
        "top" : 679,
        "left" : 440,
        "xpath" : "/HTML[1]/BODY[1]/TABLE[2]/TBODY[1]/TR[2]/TD[3]/TABLE[1]/TBODY[1]/TR[1]/TD[1]/TABLE[1]/TBODY[1]/TR[1]/TD[1]/FORM[1]/INPUT[4]",
        "width" : 49,
        "height" : 24
      }, {
        "top" : 420,
        "left" : 544,
        "xpath" : "/HTML[1]/BODY[1]/TABLE[2]/TBODY[1]/TR[2]/TD[3]/TABLE[1]/TBODY[1]/TR[1]/TD[1]/TABLE[1]/TBODY[1]/TR[1]/TD[1]/FORM[1]/INPUT[3]",
        "width" : 64,
        "height" : 24
      }, {
        "top" : 420,
        "left" : 493,
        "xpath" : "/HTML[1]/BODY[1]/TABLE[2]/TBODY[1]/TR[2]/TD[3]/TABLE[1]/TBODY[1]/TR[1]/TD[1]/TABLE[1]/TBODY[1]/TR[1]/TD[1]/FORM[1]/INPUT[2]",
        "width" : 47,
        "height" : 24
      }, {
        "top" : 679,
        "left" : 544,
        "xpath" : "/HTML[1]/BODY[1]/TABLE[2]/TBODY[1]/TR[2]/TD[3]/TABLE[1]/TBODY[1]/TR[1]/TD[1]/TABLE[1]/TBODY[1]/TR[1]/TD[1]/FORM[1]/INPUT[6]",
        "width" : 64,
        "height" : 24
      }, {
        "top" : 786,
        "left" : 753,
        "xpath" : "/HTML[1]/BODY[1]/TABLE[2]/TBODY[1]/TR[2]/TD[3]/TABLE[1]/TBODY[1]/TR[1]/TD[1]/TABLE[1]/TBODY[1]/TR[1]/TD[1]/FORM[1]/CENTER[1]/A[1]",
        "width" : 7,
        "height" : 16
      } ],
      "fanIn" : 1,
      "fanOut" : 7,
      "id" : 12,
      "failedEvents" : [ ]
    },
    "state56" : {
      "name" : "state56",
      "url" : "http://192.168.1.68/schoolmate/index.php",
      "candidateElements" : [ ],
      "fanIn" : 1,
      "fanOut" : 0,
      "id" : 56,
      "failedEvents" : [ ]
    },
    "state10" : {
      "name" : "state10",
      "url" : "http://192.168.1.68/schoolmate/index.php",
      "candidateElements" : [ ],
      "fanIn" : 1,
      "fanOut" : 0,
      "id" : 10,
      "failedEvents" : [ ]
    },
    "state17" : {
      "name" : "state17",
      "url" : "http://192.168.1.68/schoolmate/index.php",
      "candidateElements" : [ {
        "top" : 401,
        "left" : 540,
        "xpath" : "/HTML[1]/BODY[1]/TABLE[2]/TBODY[1]/TR[2]/TD[3]/TABLE[1]/TBODY[1]/TR[1]/TD[1]/TABLE[1]/TBODY[1]/TR[1]/TD[1]/FORM[1]/INPUT[1]",
        "width" : 98,
        "height" : 24
      }, {
        "top" : 886,
        "left" : 540,
        "xpath" : "/HTML[1]/BODY[1]/TABLE[2]/TBODY[1]/TR[2]/TD[3]/TABLE[1]/TBODY[1]/TR[1]/TD[1]/TABLE[1]/TBODY[1]/TR[1]/TD[1]/FORM[1]/INPUT[2]",
        "width" : 64,
        "height" : 24
      }, {
        "top" : 544,
        "left" : 730,
        "xpath" : "/HTML[1]/BODY[1]/TABLE[2]/TBODY[1]/TR[2]/TD[3]/TABLE[1]/TBODY[1]/TR[1]/TD[1]/TABLE[1]/TBODY[1]/TR[1]/TD[1]/FORM[1]/TABLE[1]/TBODY[1]/TR[2]/TD[1]/INPUT[1]",
        "width" : 49,
        "height" : 24
      } ],
      "fanIn" : 2,
      "fanOut" : 3,
      "id" : 17,
      "failedEvents" : [ ]
    },
    "state16" : {
      "name" : "state16",
      "url" : "http://192.168.1.68/schoolmate/index.php",
      "candidateElements" : [ ],
      "fanIn" : 1,
      "fanOut" : 0,
      "id" : 16,
      "failedEvents" : [ ]
    },
    "state15" : {
      "name" : "state15",
      "url" : "http://192.168.1.68/schoolmate/index.php",
      "candidateElements" : [ ],
      "fanIn" : 2,
      "fanOut" : 0,
      "id" : 15,
      "failedEvents" : [ ]
    },
    "state59" : {
      "name" : "state59",
      "url" : "http://192.168.1.68/schoolmate/index.php",
      "candidateElements" : [ ],
      "fanIn" : 2,
      "fanOut" : 0,
      "id" : 59,
      "failedEvents" : [ ]
    },
    "state14" : {
      "name" : "state14",
      "url" : "http://192.168.1.68/schoolmate/index.php",
      "candidateElements" : [ ],
      "fanIn" : 1,
      "fanOut" : 0,
      "id" : 14,
      "failedEvents" : [ ]
    },
    "state42" : {
      "name" : "state42",
      "url" : "http://192.168.1.68/schoolmate/index.php",
      "candidateElements" : [ {
        "top" : 388,
        "left" : 530,
        "xpath" : "/HTML[1]/BODY[1]/TABLE[2]/TBODY[1]/TR[2]/TD[3]/TABLE[1]/TBODY[1]/TR[1]/TD[1]/FORM[1]/TABLE[2]/TBODY[1]/TR[1]/TD[1]/INPUT[2]",
        "width" : 66,
        "height" : 24
      }, {
        "top" : 388,
        "left" : 442,
        "xpath" : "/HTML[1]/BODY[1]/TABLE[2]/TBODY[1]/TR[2]/TD[3]/TABLE[1]/TBODY[1]/TR[1]/TD[1]/FORM[1]/TABLE[2]/TBODY[1]/TR[1]/TD[1]/INPUT[1]",
        "width" : 84,
        "height" : 24
      } ],
      "fanIn" : 2,
      "fanOut" : 2,
      "id" : 42,
      "failedEvents" : [ ]
    },
    "state41" : {
      "name" : "state41",
      "url" : "http://192.168.1.68/schoolmate/index.php",
      "candidateElements" : [ {
        "top" : 420,
        "left" : 515,
        "xpath" : "/HTML[1]/BODY[1]/TABLE[2]/TBODY[1]/TR[2]/TD[3]/TABLE[1]/TBODY[1]/TR[1]/TD[1]/TABLE[1]/TBODY[1]/TR[1]/TD[1]/FORM[1]/INPUT[1]",
        "width" : 49,
        "height" : 24
      }, {
        "top" : 420,
        "left" : 568,
        "xpath" : "/HTML[1]/BODY[1]/TABLE[2]/TBODY[1]/TR[2]/TD[3]/TABLE[1]/TBODY[1]/TR[1]/TD[1]/TABLE[1]/TBODY[1]/TR[1]/TD[1]/FORM[1]/INPUT[2]",
        "width" : 47,
        "height" : 24
      }, {
        "top" : 583,
        "left" : 515,
        "xpath" : "/HTML[1]/BODY[1]/TABLE[2]/TBODY[1]/TR[2]/TD[3]/TABLE[1]/TBODY[1]/TR[1]/TD[1]/TABLE[1]/TBODY[1]/TR[1]/TD[1]/FORM[1]/INPUT[4]",
        "width" : 49,
        "height" : 24
      }, {
        "top" : 583,
        "left" : 568,
        "xpath" : "/HTML[1]/BODY[1]/TABLE[2]/TBODY[1]/TR[2]/TD[3]/TABLE[1]/TBODY[1]/TR[1]/TD[1]/TABLE[1]/TBODY[1]/TR[1]/TD[1]/FORM[1]/INPUT[5]",
        "width" : 47,
        "height" : 24
      }, {
        "top" : 420,
        "left" : 619,
        "xpath" : "/HTML[1]/BODY[1]/TABLE[2]/TBODY[1]/TR[2]/TD[3]/TABLE[1]/TBODY[1]/TR[1]/TD[1]/TABLE[1]/TBODY[1]/TR[1]/TD[1]/FORM[1]/INPUT[3]",
        "width" : 64,
        "height" : 24
      }, {
        "top" : 583,
        "left" : 619,
        "xpath" : "/HTML[1]/BODY[1]/TABLE[2]/TBODY[1]/TR[2]/TD[3]/TABLE[1]/TBODY[1]/TR[1]/TD[1]/TABLE[1]/TBODY[1]/TR[1]/TD[1]/FORM[1]/INPUT[6]",
        "width" : 64,
        "height" : 24
      } ],
      "fanIn" : 1,
      "fanOut" : 5,
      "id" : 41,
      "failedEvents" : [ "xpath /HTML[1]/BODY[1]/TABLE[2]/TBODY[1]/TR[2]/TD[1]/FORM[1]/A[2]" ]
    },
    "index" : {
      "name" : "index",
      "url" : "http://192.168.1.68/schoolmate",
      "candidateElements" : [ {
        "top" : 554,
        "left" : 756,
        "xpath" : "/HTML[1]/BODY[1]/TABLE[2]/TBODY[1]/TR[2]/TD[3]/TABLE[1]/TBODY[1]/TR[1]/TD[1]/TABLE[1]/TBODY[1]/TR[1]/TD[2]/DIV[1]/FORM[1]/TABLE[1]/TBODY[1]/TR[3]/TD[2]/INPUT[1]",
        "width" : 57,
        "height" : 24
      }, {
        "top" : 844,
        "left" : 504,
        "xpath" : "/HTML[1]/BODY[1]/TABLE[2]/TBODY[1]/TR[4]/TD[1]/CENTER[1]/A[1]",
        "width" : 69,
        "height" : 16
      }, {
        "top" : 554,
        "left" : 756,
        "xpath" : "/HTML[1]/BODY[1]/TABLE[2]/TBODY[1]/TR[2]/TD[3]/TABLE[1]/TBODY[1]/TR[1]/TD[1]/TABLE[1]/TBODY[1]/TR[1]/TD[2]/DIV[1]/FORM[1]/TABLE[1]/TBODY[1]/TR[3]/TD[2]/INPUT[1]",
        "width" : 57,
        "height" : 24
      }, {
        "top" : 554,
        "left" : 756,
        "xpath" : "/HTML[1]/BODY[1]/TABLE[2]/TBODY[1]/TR[2]/TD[3]/TABLE[1]/TBODY[1]/TR[1]/TD[1]/TABLE[1]/TBODY[1]/TR[1]/TD[2]/DIV[1]/FORM[1]/TABLE[1]/TBODY[1]/TR[3]/TD[2]/INPUT[1]",
        "width" : 57,
        "height" : 24
      } ],
      "fanIn" : 0,
      "fanOut" : 2,
      "id" : 0,
      "failedEvents" : [ ]
    },
    "state46" : {
      "name" : "state46",
      "url" : "http://192.168.1.68/schoolmate/index.php",
      "candidateElements" : [ ],
      "fanIn" : 1,
      "fanOut" : 0,
      "id" : 46,
      "failedEvents" : [ ]
    },
    "state45" : {
      "name" : "state45",
      "url" : "http://192.168.1.68/schoolmate/index.php",
      "candidateElements" : [ ],
      "fanIn" : 1,
      "fanOut" : 0,
      "id" : 45,
      "failedEvents" : [ ]
    },
    "state44" : {
      "name" : "state44",
      "url" : "http://192.168.1.68/schoolmate/index.php",
      "candidateElements" : [ ],
      "fanIn" : 1,
      "fanOut" : 0,
      "id" : 44,
      "failedEvents" : [ ]
    },
    "state43" : {
      "name" : "state43",
      "url" : "http://192.168.1.68/schoolmate/index.php",
      "candidateElements" : [ ],
      "fanIn" : 1,
      "fanOut" : 0,
      "id" : 43,
      "failedEvents" : [ ]
    },
    "state49" : {
      "name" : "state49",
      "url" : "http://192.168.1.68/schoolmate/index.php",
      "candidateElements" : [ {
        "top" : 368,
        "left" : 443,
        "xpath" : "/HTML[1]/BODY[1]/TABLE[2]/TBODY[1]/TR[2]/TD[3]/TABLE[1]/TBODY[1]/TR[1]/TD[1]/TABLE[1]/TBODY[1]/TR[1]/TD[1]/FORM[1]/TABLE[3]/TBODY[1]/TR[1]/TD[1]/P[1]/INPUT[1]",
        "width" : 55,
        "height" : 24
      } ],
      "fanIn" : 1,
      "fanOut" : 1,
      "id" : 49,
      "failedEvents" : [ ]
    },
    "state47" : {
      "name" : "state47",
      "url" : "http://192.168.1.68/schoolmate/index.php",
      "candidateElements" : [ ],
      "fanIn" : 1,
      "fanOut" : 0,
      "id" : 47,
      "failedEvents" : [ ]
    },
    "state71" : {
      "name" : "state71",
      "url" : "http://192.168.1.68/schoolmate/index.php",
      "candidateElements" : [ ],
      "fanIn" : 1,
      "fanOut" : 0,
      "id" : 71,
      "failedEvents" : [ ]
    },
    "state70" : {
      "name" : "state70",
      "url" : "http://192.168.1.68/schoolmate/index.php",
      "candidateElements" : [ ],
      "fanIn" : 1,
      "fanOut" : 0,
      "id" : 70,
      "failedEvents" : [ ]
    },
    "state30" : {
      "name" : "state30",
      "url" : "http://192.168.1.68/schoolmate/index.php",
      "candidateElements" : [ ],
      "fanIn" : 1,
      "fanOut" : 0,
      "id" : 30,
      "failedEvents" : [ ]
    },
    "state73" : {
      "name" : "state73",
      "url" : "http://192.168.1.68/schoolmate/index.php",
      "candidateElements" : [ ],
      "fanIn" : 1,
      "fanOut" : 0,
      "id" : 73,
      "failedEvents" : [ ]
    },
    "state35" : {
      "name" : "state35",
      "url" : "http://192.168.1.68/schoolmate/index.php",
      "candidateElements" : [ {
        "top" : 388,
        "left" : 517,
        "xpath" : "/HTML[1]/BODY[1]/TABLE[2]/TBODY[1]/TR[2]/TD[3]/TABLE[1]/TBODY[1]/TR[1]/TD[1]/FORM[1]/TABLE[2]/TBODY[1]/TR[1]/TD[1]/INPUT[1]",
        "width" : 103,
        "height" : 24
      }, {
        "top" : 388,
        "left" : 624,
        "xpath" : "/HTML[1]/BODY[1]/TABLE[2]/TBODY[1]/TR[2]/TD[3]/TABLE[1]/TBODY[1]/TR[1]/TD[1]/FORM[1]/TABLE[2]/TBODY[1]/TR[1]/TD[1]/INPUT[2]",
        "width" : 66,
        "height" : 24
      } ],
      "fanIn" : 2,
      "fanOut" : 2,
      "id" : 35,
      "failedEvents" : [ ]
    },
    "state34" : {
      "name" : "state34",
      "url" : "http://192.168.1.68/schoolmate/index.php",
      "candidateElements" : [ {
        "top" : 583,
        "left" : 540,
        "xpath" : "/HTML[1]/BODY[1]/TABLE[2]/TBODY[1]/TR[2]/TD[3]/TABLE[1]/TBODY[1]/TR[1]/TD[1]/TABLE[1]/TBODY[1]/TR[1]/TD[1]/FORM[1]/INPUT[4]",
        "width" : 49,
        "height" : 24
      }, {
        "top" : 630,
        "left" : 753,
        "xpath" : "/HTML[1]/BODY[1]/TABLE[2]/TBODY[1]/TR[2]/TD[3]/TABLE[1]/TBODY[1]/TR[1]/TD[1]/TABLE[1]/TBODY[1]/TR[1]/TD[1]/FORM[1]/CENTER[1]/A[1]",
        "width" : 7,
        "height" : 16
      }, {
        "top" : 420,
        "left" : 540,
        "xpath" : "/HTML[1]/BODY[1]/TABLE[2]/TBODY[1]/TR[2]/TD[3]/TABLE[1]/TBODY[1]/TR[1]/TD[1]/TABLE[1]/TBODY[1]/TR[1]/TD[1]/FORM[1]/INPUT[1]",
        "width" : 49,
        "height" : 24
      }, {
        "top" : 420,
        "left" : 644,
        "xpath" : "/HTML[1]/BODY[1]/TABLE[2]/TBODY[1]/TR[2]/TD[3]/TABLE[1]/TBODY[1]/TR[1]/TD[1]/TABLE[1]/TBODY[1]/TR[1]/TD[1]/FORM[1]/INPUT[3]",
        "width" : 64,
        "height" : 24
      }, {
        "top" : 420,
        "left" : 593,
        "xpath" : "/HTML[1]/BODY[1]/TABLE[2]/TBODY[1]/TR[2]/TD[3]/TABLE[1]/TBODY[1]/TR[1]/TD[1]/TABLE[1]/TBODY[1]/TR[1]/TD[1]/FORM[1]/INPUT[2]",
        "width" : 47,
        "height" : 24
      }, {
        "top" : 583,
        "left" : 644,
        "xpath" : "/HTML[1]/BODY[1]/TABLE[2]/TBODY[1]/TR[2]/TD[3]/TABLE[1]/TBODY[1]/TR[1]/TD[1]/TABLE[1]/TBODY[1]/TR[1]/TD[1]/FORM[1]/INPUT[6]",
        "width" : 64,
        "height" : 24
      }, {
        "top" : 583,
        "left" : 593,
        "xpath" : "/HTML[1]/BODY[1]/TABLE[2]/TBODY[1]/TR[2]/TD[3]/TABLE[1]/TBODY[1]/TR[1]/TD[1]/TABLE[1]/TBODY[1]/TR[1]/TD[1]/FORM[1]/INPUT[5]",
        "width" : 47,
        "height" : 24
      } ],
      "fanIn" : 1,
      "fanOut" : 6,
      "id" : 34,
      "failedEvents" : [ "xpath /HTML[1]/BODY[1]/TABLE[2]/TBODY[1]/TR[2]/TD[1]/FORM[1]/A[6]" ]
    },
    "state32" : {
      "name" : "state32",
      "url" : "http://192.168.1.68/schoolmate/index.php",
      "candidateElements" : [ ],
      "fanIn" : 2,
      "fanOut" : 0,
      "id" : 32,
      "failedEvents" : [ ]
    },
    "state38" : {
      "name" : "state38",
      "url" : "http://192.168.1.68/schoolmate/index.php",
      "candidateElements" : [ ],
      "fanIn" : 1,
      "fanOut" : 0,
      "id" : 38,
      "failedEvents" : [ ]
    },
    "state37" : {
      "name" : "state37",
      "url" : "http://192.168.1.68/schoolmate/index.php",
      "candidateElements" : [ {
        "top" : 388,
        "left" : 492,
        "xpath" : "/HTML[1]/BODY[1]/TABLE[2]/TBODY[1]/TR[2]/TD[3]/TABLE[1]/TBODY[1]/TR[1]/TD[1]/FORM[1]/TABLE[2]/TBODY[1]/TR[1]/TD[1]/INPUT[1]",
        "width" : 97,
        "height" : 24
      }, {
        "top" : 388,
        "left" : 593,
        "xpath" : "/HTML[1]/BODY[1]/TABLE[2]/TBODY[1]/TR[2]/TD[3]/TABLE[1]/TBODY[1]/TR[1]/TD[1]/FORM[1]/TABLE[2]/TBODY[1]/TR[1]/TD[1]/INPUT[2]",
        "width" : 66,
        "height" : 24
      } ],
      "fanIn" : 2,
      "fanOut" : 2,
      "id" : 37,
      "failedEvents" : [ ]
    },
    "state36" : {
      "name" : "state36",
      "url" : "http://192.168.1.68/schoolmate/index.php",
      "candidateElements" : [ ],
      "fanIn" : 1,
      "fanOut" : 0,
      "id" : 36,
      "failedEvents" : [ ]
    },
    "state60" : {
      "name" : "state60",
      "url" : "http://192.168.1.68/schoolmate/index.php",
      "candidateElements" : [ ],
      "fanIn" : 1,
      "fanOut" : 0,
      "id" : 60,
      "failedEvents" : [ ]
    },
    "state20" : {
      "name" : "state20",
      "url" : "http://192.168.1.68/schoolmate/index.php",
      "candidateElements" : [ ],
      "fanIn" : 1,
      "fanOut" : 0,
      "id" : 20,
      "failedEvents" : [ ]
    },
    "state64" : {
      "name" : "state64",
      "url" : "http://192.168.1.68/schoolmate/index.php",
      "candidateElements" : [ ],
      "fanIn" : 1,
      "fanOut" : 0,
      "id" : 64,
      "failedEvents" : [ ]
    },
    "state63" : {
      "name" : "state63",
      "url" : "http://192.168.1.68/schoolmate/index.php",
      "candidateElements" : [ ],
      "fanIn" : 1,
      "fanOut" : 0,
      "id" : 63,
      "failedEvents" : [ ]
    },
    "state62" : {
      "name" : "state62",
      "url" : "http://192.168.1.68/schoolmate/index.php",
      "candidateElements" : [ {
        "top" : 471,
        "left" : 586,
        "xpath" : "/HTML[1]/BODY[1]/TABLE[2]/TBODY[1]/TR[2]/TD[3]/TABLE[1]/TBODY[1]/TR[1]/TD[1]/FORM[1]/TABLE[2]/TBODY[1]/TR[1]/TD[1]/INPUT[2]",
        "width" : 66,
        "height" : 24
      }, {
        "top" : 471,
        "left" : 442,
        "xpath" : "/HTML[1]/BODY[1]/TABLE[2]/TBODY[1]/TR[2]/TD[3]/TABLE[1]/TBODY[1]/TR[1]/TD[1]/FORM[1]/TABLE[2]/TBODY[1]/TR[1]/TD[1]/INPUT[1]",
        "width" : 140,
        "height" : 24
      } ],
      "fanIn" : 1,
      "fanOut" : 2,
      "id" : 62,
      "failedEvents" : [ ]
    },
    "state61" : {
      "name" : "state61",
      "url" : "http://192.168.1.68/schoolmate/index.php",
      "candidateElements" : [ {
        "top" : 420,
        "left" : 440,
        "xpath" : "/HTML[1]/BODY[1]/TABLE[2]/TBODY[1]/TR[2]/TD[3]/TABLE[1]/TBODY[1]/TR[1]/TD[1]/TABLE[1]/TBODY[1]/TR[1]/TD[1]/FORM[1]/INPUT[1]",
        "width" : 49,
        "height" : 24
      }, {
        "top" : 420,
        "left" : 544,
        "xpath" : "/HTML[1]/BODY[1]/TABLE[2]/TBODY[1]/TR[2]/TD[3]/TABLE[1]/TBODY[1]/TR[1]/TD[1]/TABLE[1]/TBODY[1]/TR[1]/TD[1]/FORM[1]/INPUT[3]",
        "width" : 64,
        "height" : 24
      }, {
        "top" : 583,
        "left" : 544,
        "xpath" : "/HTML[1]/BODY[1]/TABLE[2]/TBODY[1]/TR[2]/TD[3]/TABLE[1]/TBODY[1]/TR[1]/TD[1]/TABLE[1]/TBODY[1]/TR[1]/TD[1]/FORM[1]/INPUT[6]",
        "width" : 64,
        "height" : 24
      }, {
        "top" : 583,
        "left" : 440,
        "xpath" : "/HTML[1]/BODY[1]/TABLE[2]/TBODY[1]/TR[2]/TD[3]/TABLE[1]/TBODY[1]/TR[1]/TD[1]/TABLE[1]/TBODY[1]/TR[1]/TD[1]/FORM[1]/INPUT[4]",
        "width" : 49,
        "height" : 24
      }, {
        "top" : 420,
        "left" : 493,
        "xpath" : "/HTML[1]/BODY[1]/TABLE[2]/TBODY[1]/TR[2]/TD[3]/TABLE[1]/TBODY[1]/TR[1]/TD[1]/TABLE[1]/TBODY[1]/TR[1]/TD[1]/FORM[1]/INPUT[2]",
        "width" : 47,
        "height" : 24
      }, {
        "top" : 583,
        "left" : 493,
        "xpath" : "/HTML[1]/BODY[1]/TABLE[2]/TBODY[1]/TR[2]/TD[3]/TABLE[1]/TBODY[1]/TR[1]/TD[1]/TABLE[1]/TBODY[1]/TR[1]/TD[1]/FORM[1]/INPUT[5]",
        "width" : 47,
        "height" : 24
      } ],
      "fanIn" : 1,
      "fanOut" : 2,
      "id" : 61,
      "failedEvents" : [ "xpath /HTML[1]/BODY[1]/TABLE[2]/TBODY[1]/TR[2]/TD[1]/FORM[1]/A[11]" ]
    },
    "state24" : {
      "name" : "state24",
      "url" : "http://192.168.1.68/schoolmate/index.php",
      "candidateElements" : [ ],
      "fanIn" : 2,
      "fanOut" : 0,
      "id" : 24,
      "failedEvents" : [ ]
    },
    "state68" : {
      "name" : "state68",
      "url" : "http://192.168.1.68/schoolmate/index.php",
      "candidateElements" : [ ],
      "fanIn" : 1,
      "fanOut" : 0,
      "id" : 68,
      "failedEvents" : [ ]
    },
    "state23" : {
      "name" : "state23",
      "url" : "http://192.168.1.68/schoolmate/index.php",
      "candidateElements" : [ ],
      "fanIn" : 1,
      "fanOut" : 0,
      "id" : 23,
      "failedEvents" : [ ]
    },
    "state67" : {
      "name" : "state67",
      "url" : "http://192.168.1.68/schoolmate/index.php",
      "candidateElements" : [ ],
      "fanIn" : 1,
      "fanOut" : 0,
      "id" : 67,
      "failedEvents" : [ ]
    },
    "state22" : {
      "name" : "state22",
      "url" : "http://192.168.1.68/schoolmate/index.php",
      "candidateElements" : [ ],
      "fanIn" : 2,
      "fanOut" : 0,
      "id" : 22,
      "failedEvents" : [ ]
    },
    "state66" : {
      "name" : "state66",
      "url" : "http://192.168.1.68/schoolmate/index.php",
      "candidateElements" : [ {
        "top" : 686,
        "left" : 753,
        "xpath" : "/HTML[1]/BODY[1]/TABLE[2]/TBODY[1]/TR[2]/TD[3]/TABLE[1]/TBODY[1]/TR[1]/TD[1]/TABLE[1]/TBODY[1]/TR[1]/TD[1]/FORM[1]/CENTER[1]/A[1]",
        "width" : 7,
        "height" : 16
      }, {
        "top" : 420,
        "left" : 615,
        "xpath" : "/HTML[1]/BODY[1]/TABLE[2]/TBODY[1]/TR[2]/TD[3]/TABLE[1]/TBODY[1]/TR[1]/TD[1]/TABLE[1]/TBODY[1]/TR[1]/TD[1]/FORM[1]/INPUT[1]",
        "width" : 49,
        "height" : 24
      }, {
        "top" : 639,
        "left" : 719,
        "xpath" : "/HTML[1]/BODY[1]/TABLE[2]/TBODY[1]/TR[2]/TD[3]/TABLE[1]/TBODY[1]/TR[1]/TD[1]/TABLE[1]/TBODY[1]/TR[1]/TD[1]/FORM[1]/INPUT[6]",
        "width" : 64,
        "height" : 24
      }, {
        "top" : 420,
        "left" : 719,
        "xpath" : "/HTML[1]/BODY[1]/TABLE[2]/TBODY[1]/TR[2]/TD[3]/TABLE[1]/TBODY[1]/TR[1]/TD[1]/TABLE[1]/TBODY[1]/TR[1]/TD[1]/FORM[1]/INPUT[3]",
        "width" : 64,
        "height" : 24
      }, {
        "top" : 420,
        "left" : 668,
        "xpath" : "/HTML[1]/BODY[1]/TABLE[2]/TBODY[1]/TR[2]/TD[3]/TABLE[1]/TBODY[1]/TR[1]/TD[1]/TABLE[1]/TBODY[1]/TR[1]/TD[1]/FORM[1]/INPUT[2]",
        "width" : 47,
        "height" : 24
      }, {
        "top" : 639,
        "left" : 668,
        "xpath" : "/HTML[1]/BODY[1]/TABLE[2]/TBODY[1]/TR[2]/TD[3]/TABLE[1]/TBODY[1]/TR[1]/TD[1]/TABLE[1]/TBODY[1]/TR[1]/TD[1]/FORM[1]/INPUT[5]",
        "width" : 47,
        "height" : 24
      }, {
        "top" : 639,
        "left" : 615,
        "xpath" : "/HTML[1]/BODY[1]/TABLE[2]/TBODY[1]/TR[2]/TD[3]/TABLE[1]/TBODY[1]/TR[1]/TD[1]/TABLE[1]/TBODY[1]/TR[1]/TD[1]/FORM[1]/INPUT[4]",
        "width" : 49,
        "height" : 24
      } ],
      "fanIn" : 1,
      "fanOut" : 1,
      "id" : 66,
      "failedEvents" : [ "xpath /HTML[1]/BODY[1]/TABLE[2]/TBODY[1]/TR[2]/TD[1]/FORM[1]/A[5]" ]
    },
    "state21" : {
      "name" : "state21",
      "url" : "http://192.168.1.68/schoolmate/index.php",
      "candidateElements" : [ ],
      "fanIn" : 1,
      "fanOut" : 0,
      "id" : 21,
      "failedEvents" : [ ]
    },
    "state65" : {
      "name" : "state65",
      "url" : "http://192.168.1.68/schoolmate/index.php",
      "candidateElements" : [ ],
      "fanIn" : 1,
      "fanOut" : 0,
      "id" : 65,
      "failedEvents" : [ ]
    },
    "state27" : {
      "name" : "state27",
      "url" : "http://192.168.1.68/schoolmate/index.php",
      "candidateElements" : [ ],
      "fanIn" : 1,
      "fanOut" : 0,
      "id" : 27,
      "failedEvents" : [ ]
    },
    "state26" : {
      "name" : "state26",
      "url" : "http://192.168.1.68/schoolmate/index.php",
      "candidateElements" : [ ],
      "fanIn" : 2,
      "fanOut" : 0,
      "id" : 26,
      "failedEvents" : [ ]
    },
    "state25" : {
      "name" : "state25",
      "url" : "http://192.168.1.68/schoolmate/index.php",
      "candidateElements" : [ {
        "top" : 624,
        "left" : 631,
        "xpath" : "/HTML[1]/BODY[1]/TABLE[2]/TBODY[1]/TR[2]/TD[3]/TABLE[1]/TBODY[1]/TR[1]/TD[1]/TABLE[1]/TBODY[1]/TR[1]/TD[1]/FORM[1]/INPUT[6]",
        "width" : 64,
        "height" : 24
      }, {
        "top" : 420,
        "left" : 631,
        "xpath" : "/HTML[1]/BODY[1]/TABLE[2]/TBODY[1]/TR[2]/TD[3]/TABLE[1]/TBODY[1]/TR[1]/TD[1]/TABLE[1]/TBODY[1]/TR[1]/TD[1]/FORM[1]/INPUT[3]",
        "width" : 64,
        "height" : 24
      }, {
        "top" : 624,
        "left" : 527,
        "xpath" : "/HTML[1]/BODY[1]/TABLE[2]/TBODY[1]/TR[2]/TD[3]/TABLE[1]/TBODY[1]/TR[1]/TD[1]/TABLE[1]/TBODY[1]/TR[1]/TD[1]/FORM[1]/INPUT[4]",
        "width" : 49,
        "height" : 24
      }, {
        "top" : 420,
        "left" : 580,
        "xpath" : "/HTML[1]/BODY[1]/TABLE[2]/TBODY[1]/TR[2]/TD[3]/TABLE[1]/TBODY[1]/TR[1]/TD[1]/TABLE[1]/TBODY[1]/TR[1]/TD[1]/FORM[1]/INPUT[2]",
        "width" : 47,
        "height" : 24
      }, {
        "top" : 420,
        "left" : 527,
        "xpath" : "/HTML[1]/BODY[1]/TABLE[2]/TBODY[1]/TR[2]/TD[3]/TABLE[1]/TBODY[1]/TR[1]/TD[1]/TABLE[1]/TBODY[1]/TR[1]/TD[1]/FORM[1]/INPUT[1]",
        "width" : 49,
        "height" : 24
      }, {
        "top" : 624,
        "left" : 580,
        "xpath" : "/HTML[1]/BODY[1]/TABLE[2]/TBODY[1]/TR[2]/TD[3]/TABLE[1]/TBODY[1]/TR[1]/TD[1]/TABLE[1]/TBODY[1]/TR[1]/TD[1]/FORM[1]/INPUT[5]",
        "width" : 47,
        "height" : 24
      } ],
      "fanIn" : 1,
      "fanOut" : 6,
      "id" : 25,
      "failedEvents" : [ ]
    },
    "state69" : {
      "name" : "state69",
      "url" : "http://192.168.1.68/schoolmate/index.php",
      "candidateElements" : [ {
        "top" : 626,
        "left" : 753,
        "xpath" : "/HTML[1]/BODY[1]/TABLE[2]/TBODY[1]/TR[2]/TD[3]/TABLE[1]/TBODY[1]/TR[1]/TD[1]/TABLE[1]/TBODY[1]/TR[1]/TD[1]/FORM[1]/CENTER[1]/A[1]",
        "width" : 7,
        "height" : 16
      } ],
      "fanIn" : 1,
      "fanOut" : 1,
      "id" : 69,
      "failedEvents" : [ ]
    }
  },
  "edges" : [ {
    "from" : "index",
    "to" : "state1",
    "text" : "",
    "id" : "xpath /HTML[1]/BODY[1]/TABLE[2]/TBODY[1]/TR[2]/TD[3]/TABLE[1]/TBODY[1]/TR[1]/TD[1]/TABLE[1]/TBODY[1]/TR[1]/TD[2]/DIV[1]/FORM[1]/TABLE[1]/TBODY[1]/TR[3]/TD[2]/INPUT[1]",
    "element" : "Element{node=[INPUT: null], tag=INPUT, text=, attributes={atusa=id4092174_1, onclick=document.login.login.value=1;, type=submit, value=Login}}",
    "eventType" : "click"
  }, {
    "from" : "state1",
    "to" : "state2",
    "text" : "",
    "id" : "xpath /HTML[1]/BODY[1]/TABLE[2]/TBODY[1]/TR[2]/TD[3]/TABLE[1]/TBODY[1]/TR[1]/TD[1]/FORM[1]/TABLE[1]/TBODY[1]/TR[1]/TD[1]/INPUT[5]",
    "element" : "Element{node=[INPUT: null], tag=INPUT, text=, attributes={onclick=document.classes.page2.value=9;document.classes.submit();, type=button, value=Add}}",
    "eventType" : "click"
  }, {
    "from" : "state2",
    "to" : "state3",
    "text" : "",
    "id" : "xpath /HTML[1]/BODY[1]/TABLE[2]/TBODY[1]/TR[2]/TD[3]/TABLE[1]/TBODY[1]/TR[1]/TD[1]/FORM[1]/TABLE[2]/TBODY[1]/TR[1]/TD[1]/INPUT[8]",
    "element" : "Element{node=[INPUT: null], tag=INPUT, text=, attributes={onclick=document.addclass.page2.value=0;document.addclass.submit();, type=button, value=Cancel}}",
    "eventType" : "click"
  }, {
    "from" : "state1",
    "to" : "state6",
    "text" : "Parents",
    "id" : "xpath /HTML[1]/BODY[1]/TABLE[2]/TBODY[1]/TR[2]/TD[1]/FORM[1]/A[10]",
    "element" : "Element{node=[A: null], tag=A, text=Parents, attributes={class=menu, href=javascript: parents();, onmouseout=window.status=''; return true;, onmouseover=window.status='Manage Parents'; return true;}}",
    "eventType" : "click"
  }, {
    "from" : "state6",
    "to" : "state7",
    "text" : "",
    "id" : "xpath /HTML[1]/BODY[1]/TABLE[2]/TBODY[1]/TR[2]/TD[3]/TABLE[1]/TBODY[1]/TR[1]/TD[1]/TABLE[1]/TBODY[1]/TR[1]/TD[1]/FORM[1]/INPUT[1]",
    "element" : "Element{node=[INPUT: null], tag=INPUT, text=, attributes={onclick=document.parents.page2.value=23;document.parents.submit();, type=button, value=Add}}",
    "eventType" : "click"
  }, {
    "from" : "state7",
    "to" : "state8",
    "text" : "",
    "id" : "xpath /HTML[1]/BODY[1]/TABLE[2]/TBODY[1]/TR[2]/TD[3]/TABLE[1]/TBODY[1]/TR[1]/TD[1]/FORM[1]/TABLE[2]/TBODY[1]/TR[1]/TD[1]/INPUT[2]",
    "element" : "Element{node=[INPUT: null], tag=INPUT, text=, attributes={onclick=document.addparent.page2.value=22;document.addparent.submit();, type=button, value=Cancel}}",
    "eventType" : "click"
  }, {
    "from" : "state1",
    "to" : "state9",
    "text" : "1",
    "id" : "xpath /HTML[1]/BODY[1]/TABLE[2]/TBODY[1]/TR[2]/TD[3]/TABLE[1]/TBODY[1]/TR[1]/TD[1]/FORM[1]/TABLE[1]/TBODY[1]/TR[1]/TD[1]/CENTER[1]/A[1]",
    "element" : "Element{node=[A: null], tag=A, text=1, attributes={class=selectedpagenum, href=JavaScript: document.classes.deleteclass.value=0;document.classes.page2.value=0;document.classes.onpage.value=1;document.classes.submit();, onmouseout=window.status='';return true;, onmouseover=window.status='Go to page 1';return true;}}",
    "eventType" : "click"
  }, {
    "from" : "state2",
    "to" : "state10",
    "text" : "",
    "id" : "xpath /HTML[1]/BODY[1]/TABLE[2]/TBODY[1]/TR[2]/TD[3]/TABLE[1]/TBODY[1]/TR[1]/TD[1]/FORM[1]/TABLE[2]/TBODY[1]/TR[1]/TD[1]/INPUT[7]",
    "element" : "Element{node=[INPUT: null], tag=INPUT, text=, attributes={onclick=document.addclass.fullyear.value=1;document.addclass.page2.value=9;document.addclass.submit();, type=button, value=Full Year}}",
    "eventType" : "click"
  }, {
    "from" : "index",
    "to" : "state1",
    "text" : "",
    "id" : "xpath /HTML[1]/BODY[1]/TABLE[2]/TBODY[1]/TR[2]/TD[3]/TABLE[1]/TBODY[1]/TR[1]/TD[1]/TABLE[1]/TBODY[1]/TR[1]/TD[2]/DIV[1]/FORM[1]/TABLE[1]/TBODY[1]/TR[3]/TD[2]/INPUT[1]",
    "element" : "Element{node=[INPUT: null], tag=INPUT, text=, attributes={atusa=id4092174_0, onclick=document.login.login.value=1;, type=submit, value=Login}}",
    "eventType" : "click"
  }, {
    "from" : "state1",
    "to" : "state12",
    "text" : "Semesters",
    "id" : "xpath /HTML[1]/BODY[1]/TABLE[2]/TBODY[1]/TR[2]/TD[1]/FORM[1]/A[3]",
    "element" : "Element{node=[A: null], tag=A, text=Semesters, attributes={class=menu, href=javascript: semesters();, onmouseout=window.status=''; return true;, onmouseover=window.status='Manage Semesters'; return true;}}",
    "eventType" : "click"
  }, {
    "from" : "state12",
    "to" : "state13",
    "text" : "",
    "id" : "xpath /HTML[1]/BODY[1]/TABLE[2]/TBODY[1]/TR[2]/TD[3]/TABLE[1]/TBODY[1]/TR[1]/TD[1]/TABLE[1]/TBODY[1]/TR[1]/TD[1]/FORM[1]/INPUT[1]",
    "element" : "Element{node=[INPUT: null], tag=INPUT, text=, attributes={onclick=document.semesters.page2.value=7;document.semesters.submit();, type=button, value=Add}}",
    "eventType" : "click"
  }, {
    "from" : "state13",
    "to" : "state14",
    "text" : "",
    "id" : "xpath /HTML[1]/BODY[1]/TABLE[2]/TBODY[1]/TR[2]/TD[3]/TABLE[1]/TBODY[1]/TR[1]/TD[1]/FORM[1]/TABLE[2]/TBODY[1]/TR[1]/TD[1]/INPUT[1]",
    "element" : "Element{node=[INPUT: null], tag=INPUT, text=, attributes={onclick=document.addsemester.addsemester.value=1;document.addsemester.page2.value=5;document.addsemester.submit();, type=button, value=Add Semester}}",
    "eventType" : "click"
  }, {
    "from" : "state6",
    "to" : "state15",
    "text" : "",
    "id" : "xpath /HTML[1]/BODY[1]/TABLE[2]/TBODY[1]/TR[2]/TD[3]/TABLE[1]/TBODY[1]/TR[1]/TD[1]/TABLE[1]/TBODY[1]/TR[1]/TD[1]/FORM[1]/INPUT[3]",
    "element" : "Element{node=[INPUT: null], tag=INPUT, text=, attributes={onclick=document.parents.deleteparent.value=1;validate();, type=button, value=Delete}}",
    "eventType" : "click"
  }, {
    "from" : "state7",
    "to" : "state16",
    "text" : "",
    "id" : "xpath /HTML[1]/BODY[1]/TABLE[2]/TBODY[1]/TR[2]/TD[3]/TABLE[1]/TBODY[1]/TR[1]/TD[1]/FORM[1]/TABLE[2]/TBODY[1]/TR[1]/TD[1]/INPUT[1]",
    "element" : "Element{node=[INPUT: null], tag=INPUT, text=, attributes={onclick=document.addparent.addparent.value=1;document.addparent.page2.value=22;document.addparent.submit();, type=button, value=Add Parent}}",
    "eventType" : "click"
  }, {
    "from" : "state1",
    "to" : "state17",
    "text" : "Registration",
    "id" : "xpath /HTML[1]/BODY[1]/TABLE[2]/TBODY[1]/TR[2]/TD[1]/FORM[1]/A[8]",
    "element" : "Element{node=[A: null], tag=A, text=Registration, attributes={class=menu, href=javascript: register();, onmouseout=window.status=''; return true;, onmouseover=window.status='Register Students for Classes'; return true;}}",
    "eventType" : "click"
  }, {
    "from" : "state17",
    "to" : "state18",
    "text" : "",
    "id" : "xpath /HTML[1]/BODY[1]/TABLE[2]/TBODY[1]/TR[2]/TD[3]/TABLE[1]/TBODY[1]/TR[1]/TD[1]/TABLE[1]/TBODY[1]/TR[1]/TD[1]/FORM[1]/INPUT[1]",
    "element" : "Element{node=[INPUT: null], tag=INPUT, text=, attributes={onclick=document.registration.addreg.value=0;document.registration.deletereg.value=0;document.registration.page2.value=29;document.registration.submit();, type=button, value=Show in Grid}}",
    "eventType" : "click"
  }, {
    "from" : "state18",
    "to" : "state17",
    "text" : "",
    "id" : "xpath /HTML[1]/BODY[1]/TABLE[2]/TBODY[1]/TR[2]/TD[3]/TABLE[1]/TBODY[1]/TR[1]/TD[1]/TABLE[1]/TBODY[1]/TR[1]/TD[1]/FORM[1]/TABLE[2]/TBODY[1]/TR[1]/TD[1]/P[1]/INPUT[1]",
    "element" : "Element{node=[INPUT: null], tag=INPUT, text=, attributes={onclick=document.classes.page2.value=26;document.classes.submit();, type=button, value= Back }}",
    "eventType" : "click"
  }, {
    "from" : "state17",
    "to" : "state20",
    "text" : "",
    "id" : "xpath /HTML[1]/BODY[1]/TABLE[2]/TBODY[1]/TR[2]/TD[3]/TABLE[1]/TBODY[1]/TR[1]/TD[1]/TABLE[1]/TBODY[1]/TR[1]/TD[1]/FORM[1]/INPUT[2]",
    "element" : "Element{node=[INPUT: null], tag=INPUT, text=, attributes={onclick=document.registration.deletereg.value=1;validate();, type=button, value=Delete}}",
    "eventType" : "click"
  }, {
    "from" : "state2",
    "to" : "state21",
    "text" : "",
    "id" : "xpath /HTML[1]/BODY[1]/TABLE[2]/TBODY[1]/TR[2]/TD[3]/TABLE[1]/TBODY[1]/TR[1]/TD[1]/FORM[1]/TABLE[2]/TBODY[1]/TR[1]/TD[1]/INPUT[6]",
    "element" : "Element{node=[INPUT: null], tag=INPUT, text=, attributes={onclick=document.addclass.addclass.value=1;document.addclass.page2.value=0;document.addclass.submit();, type=button, value=Add Class}}",
    "eventType" : "click"
  }, {
    "from" : "state12",
    "to" : "state22",
    "text" : "",
    "id" : "xpath /HTML[1]/BODY[1]/TABLE[2]/TBODY[1]/TR[2]/TD[3]/TABLE[1]/TBODY[1]/TR[1]/TD[1]/TABLE[1]/TBODY[1]/TR[1]/TD[1]/FORM[1]/INPUT[5]",
    "element" : "Element{node=[INPUT: null], tag=INPUT, text=, attributes={onclick=document.semesters.page2.value=13;checkboxes();, type=button, value=Edit}}",
    "eventType" : "click"
  }, {
    "from" : "state13",
    "to" : "state23",
    "text" : "",
    "id" : "xpath /HTML[1]/BODY[1]/TABLE[2]/TBODY[1]/TR[2]/TD[3]/TABLE[1]/TBODY[1]/TR[1]/TD[1]/FORM[1]/TABLE[2]/TBODY[1]/TR[1]/TD[1]/INPUT[2]",
    "element" : "Element{node=[INPUT: null], tag=INPUT, text=, attributes={onclick=document.addsemester.page2.value=5;document.addsemester.submit();, type=button, value=Cancel}}",
    "eventType" : "click"
  }, {
    "from" : "state6",
    "to" : "state24",
    "text" : "",
    "id" : "xpath /HTML[1]/BODY[1]/TABLE[2]/TBODY[1]/TR[2]/TD[3]/TABLE[1]/TBODY[1]/TR[1]/TD[1]/TABLE[1]/TBODY[1]/TR[1]/TD[1]/FORM[1]/INPUT[2]",
    "element" : "Element{node=[INPUT: null], tag=INPUT, text=, attributes={onclick=document.parents.page2.value=24;checkboxes();, type=button, value=Edit}}",
    "eventType" : "click"
  }, {
    "from" : "state1",
    "to" : "state25",
    "text" : "Students",
    "id" : "xpath /HTML[1]/BODY[1]/TABLE[2]/TBODY[1]/TR[2]/TD[1]/FORM[1]/A[7]",
    "element" : "Element{node=[A: null], tag=A, text=Students, attributes={class=menu, href=javascript: students();, onmouseout=window.status=''; return true;, onmouseover=window.status='Manage Students'; return true;}}",
    "eventType" : "click"
  }, {
    "from" : "state25",
    "to" : "state26",
    "text" : "",
    "id" : "xpath /HTML[1]/BODY[1]/TABLE[2]/TBODY[1]/TR[2]/TD[3]/TABLE[1]/TBODY[1]/TR[1]/TD[1]/TABLE[1]/TBODY[1]/TR[1]/TD[1]/FORM[1]/INPUT[6]",
    "element" : "Element{node=[INPUT: null], tag=INPUT, text=, attributes={onclick=document.students.deletestudent.value=1;validate();, type=button, value=Delete}}",
    "eventType" : "click"
  }, {
    "from" : "state17",
    "to" : "state27",
    "text" : "",
    "id" : "xpath /HTML[1]/BODY[1]/TABLE[2]/TBODY[1]/TR[2]/TD[3]/TABLE[1]/TBODY[1]/TR[1]/TD[1]/TABLE[1]/TBODY[1]/TR[1]/TD[1]/FORM[1]/TABLE[1]/TBODY[1]/TR[2]/TD[1]/INPUT[1]",
    "element" : "Element{node=[INPUT: null], tag=INPUT, text=, attributes={onclick=document.registration.addreg.value=1;document.registration.submit();, type=button, value=Add}}",
    "eventType" : "click"
  }, {
    "from" : "state12",
    "to" : "state13",
    "text" : "",
    "id" : "xpath /HTML[1]/BODY[1]/TABLE[2]/TBODY[1]/TR[2]/TD[3]/TABLE[1]/TBODY[1]/TR[1]/TD[1]/TABLE[1]/TBODY[1]/TR[1]/TD[1]/FORM[1]/INPUT[4]",
    "element" : "Element{node=[INPUT: null], tag=INPUT, text=, attributes={onclick=document.semesters.page2.value=7;document.semesters.submit();, type=button, value=Add}}",
    "eventType" : "click"
  }, {
    "from" : "state6",
    "to" : "state24",
    "text" : "",
    "id" : "xpath /HTML[1]/BODY[1]/TABLE[2]/TBODY[1]/TR[2]/TD[3]/TABLE[1]/TBODY[1]/TR[1]/TD[1]/TABLE[1]/TBODY[1]/TR[1]/TD[1]/FORM[1]/INPUT[5]",
    "element" : "Element{node=[INPUT: null], tag=INPUT, text=, attributes={onclick=document.parents.page2.value=24;checkboxes();, type=button, value=Edit}}",
    "eventType" : "click"
  }, {
    "from" : "state1",
    "to" : "state30",
    "text" : "Log Out",
    "id" : "xpath /HTML[1]/BODY[1]/TABLE[2]/TBODY[1]/TR[2]/TD[1]/FORM[1]/A[12]",
    "element" : "Element{node=[A: null], tag=A, text=Log Out, attributes={class=menu, href=javascript: logoutAdmin();, onmouseout=window.status='';return true;, onmouseover=window.status='Log Out';return true;}}",
    "eventType" : "click"
  }, {
    "from" : "state25",
    "to" : "state26",
    "text" : "",
    "id" : "xpath /HTML[1]/BODY[1]/TABLE[2]/TBODY[1]/TR[2]/TD[3]/TABLE[1]/TBODY[1]/TR[1]/TD[1]/TABLE[1]/TBODY[1]/TR[1]/TD[1]/FORM[1]/INPUT[3]",
    "element" : "Element{node=[INPUT: null], tag=INPUT, text=, attributes={onclick=document.students.deletestudent.value=1;validate();, type=button, value=Delete}}",
    "eventType" : "click"
  }, {
    "from" : "state12",
    "to" : "state32",
    "text" : "",
    "id" : "xpath /HTML[1]/BODY[1]/TABLE[2]/TBODY[1]/TR[2]/TD[3]/TABLE[1]/TBODY[1]/TR[1]/TD[1]/TABLE[1]/TBODY[1]/TR[1]/TD[1]/FORM[1]/INPUT[3]",
    "element" : "Element{node=[INPUT: null], tag=INPUT, text=, attributes={onclick=document.semesters.deletesemester.value=1;validate();, type=button, value=Delete}}",
    "eventType" : "click"
  }, {
    "from" : "state6",
    "to" : "state7",
    "text" : "",
    "id" : "xpath /HTML[1]/BODY[1]/TABLE[2]/TBODY[1]/TR[2]/TD[3]/TABLE[1]/TBODY[1]/TR[1]/TD[1]/TABLE[1]/TBODY[1]/TR[1]/TD[1]/FORM[1]/INPUT[4]",
    "element" : "Element{node=[INPUT: null], tag=INPUT, text=, attributes={onclick=document.parents.page2.value=23;document.parents.submit();, type=button, value=Add}}",
    "eventType" : "click"
  }, {
    "from" : "state1",
    "to" : "state34",
    "text" : "Teachers",
    "id" : "xpath /HTML[1]/BODY[1]/TABLE[2]/TBODY[1]/TR[2]/TD[1]/FORM[1]/A[6]",
    "element" : "Element{node=[A: null], tag=A, text=Teachers, attributes={class=menu, href=javascript: teachers();, onmouseout=window.status=''; return true;, onmouseover=window.status='Manage Teachers'; return true;}}",
    "eventType" : "click"
  }, {
    "from" : "state34",
    "to" : "state35",
    "text" : "",
    "id" : "xpath /HTML[1]/BODY[1]/TABLE[2]/TBODY[1]/TR[2]/TD[3]/TABLE[1]/TBODY[1]/TR[1]/TD[1]/TABLE[1]/TBODY[1]/TR[1]/TD[1]/FORM[1]/INPUT[4]",
    "element" : "Element{node=[INPUT: null], tag=INPUT, text=, attributes={onclick=document.teachers.page2.value=16;document.teachers.submit();, type=button, value=Add}}",
    "eventType" : "click"
  }, {
    "from" : "state35",
    "to" : "state36",
    "text" : "",
    "id" : "xpath /HTML[1]/BODY[1]/TABLE[2]/TBODY[1]/TR[2]/TD[3]/TABLE[1]/TBODY[1]/TR[1]/TD[1]/FORM[1]/TABLE[2]/TBODY[1]/TR[1]/TD[1]/INPUT[1]",
    "element" : "Element{node=[INPUT: null], tag=INPUT, text=, attributes={onclick=document.addteacher.addteacher.value=1;document.addteacher.page2.value=3;document.addteacher.submit();, type=button, value=Add Teacher}}",
    "eventType" : "click"
  }, {
    "from" : "state25",
    "to" : "state37",
    "text" : "",
    "id" : "xpath /HTML[1]/BODY[1]/TABLE[2]/TBODY[1]/TR[2]/TD[3]/TABLE[1]/TBODY[1]/TR[1]/TD[1]/TABLE[1]/TBODY[1]/TR[1]/TD[1]/FORM[1]/INPUT[4]",
    "element" : "Element{node=[INPUT: null], tag=INPUT, text=, attributes={onclick=document.students.page2.value=20;document.students.submit();, type=button, value=Add}}",
    "eventType" : "click"
  }, {
    "from" : "state37",
    "to" : "state38",
    "text" : "",
    "id" : "xpath /HTML[1]/BODY[1]/TABLE[2]/TBODY[1]/TR[2]/TD[3]/TABLE[1]/TBODY[1]/TR[1]/TD[1]/FORM[1]/TABLE[2]/TBODY[1]/TR[1]/TD[1]/INPUT[1]",
    "element" : "Element{node=[INPUT: null], tag=INPUT, text=, attributes={onclick=document.addstudent.addstudent.value=1;document.addstudent.page2.value=2;document.addstudent.submit();, type=button, value=Add Student}}",
    "eventType" : "click"
  }, {
    "from" : "state12",
    "to" : "state22",
    "text" : "",
    "id" : "xpath /HTML[1]/BODY[1]/TABLE[2]/TBODY[1]/TR[2]/TD[3]/TABLE[1]/TBODY[1]/TR[1]/TD[1]/TABLE[1]/TBODY[1]/TR[1]/TD[1]/FORM[1]/INPUT[2]",
    "element" : "Element{node=[INPUT: null], tag=INPUT, text=, attributes={onclick=document.semesters.page2.value=13;checkboxes();, type=button, value=Edit}}",
    "eventType" : "click"
  }, {
    "from" : "state6",
    "to" : "state15",
    "text" : "",
    "id" : "xpath /HTML[1]/BODY[1]/TABLE[2]/TBODY[1]/TR[2]/TD[3]/TABLE[1]/TBODY[1]/TR[1]/TD[1]/TABLE[1]/TBODY[1]/TR[1]/TD[1]/FORM[1]/INPUT[6]",
    "element" : "Element{node=[INPUT: null], tag=INPUT, text=, attributes={onclick=document.parents.deleteparent.value=1;validate();, type=button, value=Delete}}",
    "eventType" : "click"
  }, {
    "from" : "state1",
    "to" : "state41",
    "text" : "Terms",
    "id" : "xpath /HTML[1]/BODY[1]/TABLE[2]/TBODY[1]/TR[2]/TD[1]/FORM[1]/A[2]",
    "element" : "Element{node=[A: null], tag=A, text=Terms, attributes={class=menu, href=javascript: terms();, onmouseout=window.status=''; return true;, onmouseover=window.status='Manage Terms'; return true;}}",
    "eventType" : "click"
  }, {
    "from" : "state41",
    "to" : "state42",
    "text" : "",
    "id" : "xpath /HTML[1]/BODY[1]/TABLE[2]/TBODY[1]/TR[2]/TD[3]/TABLE[1]/TBODY[1]/TR[1]/TD[1]/TABLE[1]/TBODY[1]/TR[1]/TD[1]/FORM[1]/INPUT[1]",
    "element" : "Element{node=[INPUT: null], tag=INPUT, text=, attributes={onclick=document.terms.page2.value=8;document.terms.submit();, type=button, value=Add}}",
    "eventType" : "click"
  }, {
    "from" : "state42",
    "to" : "state43",
    "text" : "",
    "id" : "xpath /HTML[1]/BODY[1]/TABLE[2]/TBODY[1]/TR[2]/TD[3]/TABLE[1]/TBODY[1]/TR[1]/TD[1]/FORM[1]/TABLE[2]/TBODY[1]/TR[1]/TD[1]/INPUT[2]",
    "element" : "Element{node=[INPUT: null], tag=INPUT, text=, attributes={onclick=document.addterm.page2.value=6;document.addterm.submit();, type=button, value=Cancel}}",
    "eventType" : "click"
  }, {
    "from" : "state34",
    "to" : "state44",
    "text" : "1",
    "id" : "xpath /HTML[1]/BODY[1]/TABLE[2]/TBODY[1]/TR[2]/TD[3]/TABLE[1]/TBODY[1]/TR[1]/TD[1]/TABLE[1]/TBODY[1]/TR[1]/TD[1]/FORM[1]/CENTER[1]/A[1]",
    "element" : "Element{node=[A: null], tag=A, text=1, attributes={class=selectedpagenum, href=JavaScript: document.teachers.deleteteacher.value=0;document.teachers.page2.value=3;document.teachers.onpage.value=1;document.teachers.submit();, onmouseout=window.status='';return true;, onmouseover=window.status='Go to page 1';return true;}}",
    "eventType" : "click"
  }, {
    "from" : "state35",
    "to" : "state45",
    "text" : "",
    "id" : "xpath /HTML[1]/BODY[1]/TABLE[2]/TBODY[1]/TR[2]/TD[3]/TABLE[1]/TBODY[1]/TR[1]/TD[1]/FORM[1]/TABLE[2]/TBODY[1]/TR[1]/TD[1]/INPUT[2]",
    "element" : "Element{node=[INPUT: null], tag=INPUT, text=, attributes={onclick=document.addteacher.page2.value=3;document.addteacher.submit();, type=button, value=Cancel}}",
    "eventType" : "click"
  }, {
    "from" : "state25",
    "to" : "state46",
    "text" : "",
    "id" : "xpath /HTML[1]/BODY[1]/TABLE[2]/TBODY[1]/TR[2]/TD[3]/TABLE[1]/TBODY[1]/TR[1]/TD[1]/TABLE[1]/TBODY[1]/TR[1]/TD[1]/FORM[1]/INPUT[2]",
    "element" : "Element{node=[INPUT: null], tag=INPUT, text=, attributes={onclick=document.students.page2.value=21;checkboxes();, type=button, value=Edit}}",
    "eventType" : "click"
  }, {
    "from" : "state37",
    "to" : "state47",
    "text" : "",
    "id" : "xpath /HTML[1]/BODY[1]/TABLE[2]/TBODY[1]/TR[2]/TD[3]/TABLE[1]/TBODY[1]/TR[1]/TD[1]/FORM[1]/TABLE[2]/TBODY[1]/TR[1]/TD[1]/INPUT[2]",
    "element" : "Element{node=[INPUT: null], tag=INPUT, text=, attributes={onclick=document.addstudent.page2.value=2;document.addstudent.submit();, type=button, value=Cancel}}",
    "eventType" : "click"
  }, {
    "from" : "state12",
    "to" : "state32",
    "text" : "",
    "id" : "xpath /HTML[1]/BODY[1]/TABLE[2]/TBODY[1]/TR[2]/TD[3]/TABLE[1]/TBODY[1]/TR[1]/TD[1]/TABLE[1]/TBODY[1]/TR[1]/TD[1]/FORM[1]/INPUT[6]",
    "element" : "Element{node=[INPUT: null], tag=INPUT, text=, attributes={onclick=document.semesters.deletesemester.value=1;validate();, type=button, value=Delete}}",
    "eventType" : "click"
  }, {
    "from" : "state1",
    "to" : "state49",
    "text" : "",
    "id" : "xpath /HTML[1]/BODY[1]/TABLE[2]/TBODY[1]/TR[2]/TD[3]/TABLE[1]/TBODY[1]/TR[1]/TD[1]/FORM[1]/TABLE[1]/TBODY[1]/TR[1]/TD[1]/INPUT[4]",
    "element" : "Element{node=[INPUT: null], tag=INPUT, text=, attributes={onclick=document.classes.page2.value=25;document.classes.submit();, type=button, value=Show in Grid}}",
    "eventType" : "click"
  }, {
    "from" : "state49",
    "to" : "state50",
    "text" : "",
    "id" : "xpath /HTML[1]/BODY[1]/TABLE[2]/TBODY[1]/TR[2]/TD[3]/TABLE[1]/TBODY[1]/TR[1]/TD[1]/TABLE[1]/TBODY[1]/TR[1]/TD[1]/FORM[1]/TABLE[3]/TBODY[1]/TR[1]/TD[1]/P[1]/INPUT[1]",
    "element" : "Element{node=[INPUT: null], tag=INPUT, text=, attributes={onclick=document.classes.page2.value=0;document.classes.submit();, type=button, value= Back }}",
    "eventType" : "click"
  }, {
    "from" : "state41",
    "to" : "state51",
    "text" : "",
    "id" : "xpath /HTML[1]/BODY[1]/TABLE[2]/TBODY[1]/TR[2]/TD[3]/TABLE[1]/TBODY[1]/TR[1]/TD[1]/TABLE[1]/TBODY[1]/TR[1]/TD[1]/FORM[1]/INPUT[2]",
    "element" : "Element{node=[INPUT: null], tag=INPUT, text=, attributes={onclick=document.terms.page2.value=12;checkboxes();, type=button, value=Edit}}",
    "eventType" : "click"
  }, {
    "from" : "state42",
    "to" : "state52",
    "text" : "",
    "id" : "xpath /HTML[1]/BODY[1]/TABLE[2]/TBODY[1]/TR[2]/TD[3]/TABLE[1]/TBODY[1]/TR[1]/TD[1]/FORM[1]/TABLE[2]/TBODY[1]/TR[1]/TD[1]/INPUT[1]",
    "element" : "Element{node=[INPUT: null], tag=INPUT, text=, attributes={onclick=document.addterm.addterm.value=1;document.addterm.page2.value=6;document.addterm.submit();, type=button, value=Add Term}}",
    "eventType" : "click"
  }, {
    "from" : "state52",
    "to" : "state53",
    "text" : "1",
    "id" : "xpath /HTML[1]/BODY[1]/TABLE[2]/TBODY[1]/TR[2]/TD[3]/TABLE[1]/TBODY[1]/TR[1]/TD[1]/TABLE[1]/TBODY[1]/TR[1]/TD[1]/FORM[1]/CENTER[1]/A[1]",
    "element" : "Element{node=[A: null], tag=A, text=1, attributes={class=selectedpagenum, href=JavaScript: document.terms.deleteterm.value=0;document.terms.page2.value=6;document.terms.onpage.value=1;document.terms.submit();, onmouseout=window.status='';return true;, onmouseover=window.status='Go to page 1';return true;}}",
    "eventType" : "click"
  }, {
    "from" : "state34",
    "to" : "state35",
    "text" : "",
    "id" : "xpath /HTML[1]/BODY[1]/TABLE[2]/TBODY[1]/TR[2]/TD[3]/TABLE[1]/TBODY[1]/TR[1]/TD[1]/TABLE[1]/TBODY[1]/TR[1]/TD[1]/FORM[1]/INPUT[1]",
    "element" : "Element{node=[INPUT: null], tag=INPUT, text=, attributes={onclick=document.teachers.page2.value=16;document.teachers.submit();, type=button, value=Add}}",
    "eventType" : "click"
  }, {
    "from" : "state25",
    "to" : "state37",
    "text" : "",
    "id" : "xpath /HTML[1]/BODY[1]/TABLE[2]/TBODY[1]/TR[2]/TD[3]/TABLE[1]/TBODY[1]/TR[1]/TD[1]/TABLE[1]/TBODY[1]/TR[1]/TD[1]/FORM[1]/INPUT[1]",
    "element" : "Element{node=[INPUT: null], tag=INPUT, text=, attributes={onclick=document.students.page2.value=20;document.students.submit();, type=button, value=Add}}",
    "eventType" : "click"
  }, {
    "from" : "state12",
    "to" : "state56",
    "text" : "1",
    "id" : "xpath /HTML[1]/BODY[1]/TABLE[2]/TBODY[1]/TR[2]/TD[3]/TABLE[1]/TBODY[1]/TR[1]/TD[1]/TABLE[1]/TBODY[1]/TR[1]/TD[1]/FORM[1]/CENTER[1]/A[1]",
    "element" : "Element{node=[A: null], tag=A, text=1, attributes={class=selectedpagenum, href=JavaScript: document.semesters.deletesemester.value=0;document.semesters.page2.value=5;document.semesters.onpage.value=1;document.semesters.submit();, onmouseout=window.status='';return true;, onmouseover=window.status='Go to page 1';return true;}}",
    "eventType" : "click"
  }, {
    "from" : "state1",
    "to" : "state57",
    "text" : "",
    "id" : "xpath /HTML[1]/BODY[1]/TABLE[2]/TBODY[1]/TR[2]/TD[3]/TABLE[1]/TBODY[1]/TR[1]/TD[1]/FORM[1]/TABLE[1]/TBODY[1]/TR[1]/TD[1]/INPUT[3]",
    "element" : "Element{node=[INPUT: null], tag=INPUT, text=, attributes={onclick=document.classes.deleteclass.value=1;validate();, type=button, value=Delete}}",
    "eventType" : "click"
  }, {
    "from" : "state41",
    "to" : "state42",
    "text" : "",
    "id" : "xpath /HTML[1]/BODY[1]/TABLE[2]/TBODY[1]/TR[2]/TD[3]/TABLE[1]/TBODY[1]/TR[1]/TD[1]/TABLE[1]/TBODY[1]/TR[1]/TD[1]/FORM[1]/INPUT[4]",
    "element" : "Element{node=[INPUT: null], tag=INPUT, text=, attributes={onclick=document.terms.page2.value=8;document.terms.submit();, type=button, value=Add}}",
    "eventType" : "click"
  }, {
    "from" : "state34",
    "to" : "state59",
    "text" : "",
    "id" : "xpath /HTML[1]/BODY[1]/TABLE[2]/TBODY[1]/TR[2]/TD[3]/TABLE[1]/TBODY[1]/TR[1]/TD[1]/TABLE[1]/TBODY[1]/TR[1]/TD[1]/FORM[1]/INPUT[3]",
    "element" : "Element{node=[INPUT: null], tag=INPUT, text=, attributes={onclick=document.teachers.deleteteacher.value=1;validate();, type=button, value=Delete}}",
    "eventType" : "click"
  }, {
    "from" : "state25",
    "to" : "state60",
    "text" : "",
    "id" : "xpath /HTML[1]/BODY[1]/TABLE[2]/TBODY[1]/TR[2]/TD[3]/TABLE[1]/TBODY[1]/TR[1]/TD[1]/TABLE[1]/TBODY[1]/TR[1]/TD[1]/FORM[1]/INPUT[5]",
    "element" : "Element{node=[INPUT: null], tag=INPUT, text=, attributes={onclick=document.students.page2.value=21;checkboxes();, type=button, value=Edit}}",
    "eventType" : "click"
  }, {
    "from" : "state1",
    "to" : "state61",
    "text" : "Announcements",
    "id" : "xpath /HTML[1]/BODY[1]/TABLE[2]/TBODY[1]/TR[2]/TD[1]/FORM[1]/A[11]",
    "element" : "Element{node=[A: null], tag=A, text=Announcements, attributes={class=menu, href=javascript: announcements();, onmouseout=window.status=''; return true;, onmouseover=window.status='Manage Announcements'; return true;}}",
    "eventType" : "click"
  }, {
    "from" : "state61",
    "to" : "state62",
    "text" : "",
    "id" : "xpath /HTML[1]/BODY[1]/TABLE[2]/TBODY[1]/TR[2]/TD[3]/TABLE[1]/TBODY[1]/TR[1]/TD[1]/TABLE[1]/TBODY[1]/TR[1]/TD[1]/FORM[1]/INPUT[1]",
    "element" : "Element{node=[INPUT: null], tag=INPUT, text=, attributes={onclick=document.announcements.page2.value=18;document.announcements.submit();, type=button, value=Add}}",
    "eventType" : "click"
  }, {
    "from" : "state62",
    "to" : "state63",
    "text" : "",
    "id" : "xpath /HTML[1]/BODY[1]/TABLE[2]/TBODY[1]/TR[2]/TD[3]/TABLE[1]/TBODY[1]/TR[1]/TD[1]/FORM[1]/TABLE[2]/TBODY[1]/TR[1]/TD[1]/INPUT[2]",
    "element" : "Element{node=[INPUT: null], tag=INPUT, text=, attributes={onclick=document.addannouncement.page2.value=4;document.addannouncement.submit();, type=button, value=Cancel}}",
    "eventType" : "click"
  }, {
    "from" : "state41",
    "to" : "state64",
    "text" : "",
    "id" : "xpath /HTML[1]/BODY[1]/TABLE[2]/TBODY[1]/TR[2]/TD[3]/TABLE[1]/TBODY[1]/TR[1]/TD[1]/TABLE[1]/TBODY[1]/TR[1]/TD[1]/FORM[1]/INPUT[5]",
    "element" : "Element{node=[INPUT: null], tag=INPUT, text=, attributes={onclick=document.terms.page2.value=12;checkboxes();, type=button, value=Edit}}",
    "eventType" : "click"
  }, {
    "from" : "state34",
    "to" : "state65",
    "text" : "",
    "id" : "xpath /HTML[1]/BODY[1]/TABLE[2]/TBODY[1]/TR[2]/TD[3]/TABLE[1]/TBODY[1]/TR[1]/TD[1]/TABLE[1]/TBODY[1]/TR[1]/TD[1]/FORM[1]/INPUT[2]",
    "element" : "Element{node=[INPUT: null], tag=INPUT, text=, attributes={onclick=document.teachers.page2.value=17;checkboxes();, type=button, value=Edit}}",
    "eventType" : "click"
  }, {
    "from" : "state1",
    "to" : "state66",
    "text" : "Users",
    "id" : "xpath /HTML[1]/BODY[1]/TABLE[2]/TBODY[1]/TR[2]/TD[1]/FORM[1]/A[5]",
    "element" : "Element{node=[A: null], tag=A, text=Users, attributes={class=menu, href=javascript: users();, onmouseout=window.status=''; return true;, onmouseover=window.status='Manage Users'; return true;}}",
    "eventType" : "click"
  }, {
    "from" : "state66",
    "to" : "state67",
    "text" : "1",
    "id" : "xpath /HTML[1]/BODY[1]/TABLE[2]/TBODY[1]/TR[2]/TD[3]/TABLE[1]/TBODY[1]/TR[1]/TD[1]/TABLE[1]/TBODY[1]/TR[1]/TD[1]/FORM[1]/CENTER[1]/A[1]",
    "element" : "Element{node=[A: null], tag=A, text=1, attributes={class=selectedpagenum, href=JavaScript: document.users.deleteuser.value=0;document.users.page2.value=10;document.users.onpage.value=1;document.users.submit();, onmouseout=window.status='';return true;, onmouseover=window.status='Go to page 1';return true;}}",
    "eventType" : "click"
  }, {
    "from" : "state61",
    "to" : "state68",
    "text" : "",
    "id" : "xpath /HTML[1]/BODY[1]/TABLE[2]/TBODY[1]/TR[2]/TD[3]/TABLE[1]/TBODY[1]/TR[1]/TD[1]/TABLE[1]/TBODY[1]/TR[1]/TD[1]/FORM[1]/INPUT[3]",
    "element" : "Element{node=[INPUT: null], tag=INPUT, text=, attributes={onclick=document.announcements.deleteannouncement.value=1;validate();, type=button, value=Delete}}",
    "eventType" : "click"
  }, {
    "from" : "state62",
    "to" : "state69",
    "text" : "",
    "id" : "xpath /HTML[1]/BODY[1]/TABLE[2]/TBODY[1]/TR[2]/TD[3]/TABLE[1]/TBODY[1]/TR[1]/TD[1]/FORM[1]/TABLE[2]/TBODY[1]/TR[1]/TD[1]/INPUT[1]",
    "element" : "Element{node=[INPUT: null], tag=INPUT, text=, attributes={onclick=document.addannouncement.addannouncement.value=1;document.addannouncement.page2.value=4;document.addannouncement.submit();, type=button, value=Add announcement}}",
    "eventType" : "click"
  }, {
    "from" : "state69",
    "to" : "state70",
    "text" : "1",
    "id" : "xpath /HTML[1]/BODY[1]/TABLE[2]/TBODY[1]/TR[2]/TD[3]/TABLE[1]/TBODY[1]/TR[1]/TD[1]/TABLE[1]/TBODY[1]/TR[1]/TD[1]/FORM[1]/CENTER[1]/A[1]",
    "element" : "Element{node=[A: null], tag=A, text=1, attributes={class=selectedpagenum, href=JavaScript: document.announcements.deleteannouncement.value=0;document.announcements.page2.value=4;document.announcements.onpage.value=1;document.announcements.submit();, onmouseout=window.status='';return true;, onmouseover=window.status='Go to page 1';return true;}}",
    "eventType" : "click"
  }, {
    "from" : "state41",
    "to" : "state71",
    "text" : "",
    "id" : "xpath /HTML[1]/BODY[1]/TABLE[2]/TBODY[1]/TR[2]/TD[3]/TABLE[1]/TBODY[1]/TR[1]/TD[1]/TABLE[1]/TBODY[1]/TR[1]/TD[1]/FORM[1]/INPUT[3]",
    "element" : "Element{node=[INPUT: null], tag=INPUT, text=, attributes={onclick=document.terms.deleteterm.value=1;validate();, type=button, value=Delete}}",
    "eventType" : "click"
  }, {
    "from" : "state34",
    "to" : "state59",
    "text" : "",
    "id" : "xpath /HTML[1]/BODY[1]/TABLE[2]/TBODY[1]/TR[2]/TD[3]/TABLE[1]/TBODY[1]/TR[1]/TD[1]/TABLE[1]/TBODY[1]/TR[1]/TD[1]/FORM[1]/INPUT[6]",
    "element" : "Element{node=[INPUT: null], tag=INPUT, text=, attributes={onclick=document.teachers.deleteteacher.value=1;validate();, type=button, value=Delete}}",
    "eventType" : "click"
  }, {
    "from" : "state1",
    "to" : "state73",
    "text" : "",
    "id" : "xpath /HTML[1]/BODY[1]/TABLE[2]/TBODY[1]/TR[2]/TD[3]/TABLE[1]/TBODY[1]/TR[1]/TD[1]/FORM[1]/TABLE[1]/TBODY[1]/TR[1]/TD[1]/INPUT[2]",
    "element" : "Element{node=[INPUT: null], tag=INPUT, text=, attributes={onclick=document.classes.page2.value=11;checkboxes();, type=button, value=Edit}}",
    "eventType" : "click"
  } ],
  "statistics" : {
    "duration" : "3 minutes 3 seconds",
    "crawlPaths" : 67,
    "averageDomSize" : "11.279 kB",
    "edges" : 71,
    "startDate" : "2021-02-17 17:21:33 PKT",
    "stateStats" : {
      "leastFanOut" : {
        "id" : "state53",
        "count" : 0
      },
      "leastFanIn" : {
        "id" : "index",
        "count" : 0
      },
      "mostFanOut" : {
        "id" : "state1",
        "count" : 14
      },
      "mostFanIn" : {
        "id" : "state7",
        "count" : 2
      },
      "totalNumberOfStates" : 59,
      "urls" : {
        "http://192.168.1.68/schoolmate/index.php" : [ "state53", "state9", "state52", "state51", "state50", "state6", "state8", "state7", "state2", "state1", "state3", "state18", "state13", "state57", "state12", "state56", "state10", "state17", "state16", "state15", "state59", "state14", "state42", "state41", "state46", "state45", "state44", "state43", "state49", "state47", "state71", "state70", "state30", "state73", "state35", "state34", "state32", "state38", "state37", "state36", "state60", "state20", "state64", "state63", "state62", "state61", "state24", "state68", "state23", "state67", "state22", "state66", "state21", "state65", "state27", "state26", "state25", "state69" ],
        "http://test:test@192.168.1.68/schoolmate" : [ "index" ]
      }
    },
    "failedEvents" : 11
  },
  "exitStatus" : "EXHAUSTED"
}
