{
  "states" : {
    "index" : {
      "name" : "index",
      "url" : "http://192.168.1.68/SN",
      "candidateElements" : [ {
        "top" : 522,
        "left" : 383,
        "xpath" : "/HTML[1]/BODY[1]/TABLE[1]/TBODY[1]/TR[1]/TD[1]/DIV[1]/A[3]",
        "width" : 108,
        "height" : 18
      }, {
        "top" : 522,
        "left" : 272,
        "xpath" : "/HTML[1]/BODY[1]/TABLE[1]/TBODY[1]/TR[1]/TD[1]/DIV[1]/A[1]",
        "width" : 39,
        "height" : 18
      }, {
        "top" : 522,
        "left" : 327,
        "xpath" : "/HTML[1]/BODY[1]/TABLE[1]/TBODY[1]/TR[1]/TD[1]/DIV[1]/A[2]",
        "width" : 40,
        "height" : 18
      }, {
        "top" : 6,
        "left" : 932,
        "xpath" : "/HTML[1]/BODY[1]/TABLE[1]/TBODY[1]/TR[1]/TD[1]/TABLE[1]/TBODY[1]/TR[1]/TD[1]/DIV[1]/FORM[1]/INPUT[3]",
        "width" : 57,
        "height" : 24
      }, {
        "top" : 352,
        "left" : 784,
        "xpath" : "/HTML[1]/BODY[1]/TABLE[1]/TBODY[1]/TR[1]/TD[1]/TABLE[2]/TBODY[1]/TR[1]/TD[1]/DIV[1]/FORM[1]/TABLE[1]/TBODY[1]/TR[8]/TD[2]/INPUT[1]",
        "width" : 75,
        "height" : 24
      }, {
        "top" : 6,
        "left" : 932,
        "xpath" : "/HTML[1]/BODY[1]/TABLE[1]/TBODY[1]/TR[1]/TD[1]/TABLE[1]/TBODY[1]/TR[1]/TD[1]/DIV[1]/FORM[1]/INPUT[3]",
        "width" : 57,
        "height" : 24
      }, {
        "top" : 522,
        "left" : 507,
        "xpath" : "/HTML[1]/BODY[1]/TABLE[1]/TBODY[1]/TR[1]/TD[1]/DIV[1]/A[4]",
        "width" : 217,
        "height" : 18
      }, {
        "top" : 6,
        "left" : 932,
        "xpath" : "/HTML[1]/BODY[1]/TABLE[1]/TBODY[1]/TR[1]/TD[1]/TABLE[1]/TBODY[1]/TR[1]/TD[1]/DIV[1]/FORM[1]/INPUT[3]",
        "width" : 57,
        "height" : 24
      }, {
        "top" : 46,
        "left" : 6,
        "xpath" : "/HTML[1]/BODY[1]/TABLE[1]/TBODY[1]/TR[1]/TD[1]/TABLE[1]/TBODY[1]/TR[1]/TD[1]/A[1]",
        "width" : 179,
        "height" : 14
      } ],
      "fanIn" : 2,
      "fanOut" : 2,
      "id" : 0,
      "failedEvents" : [ "xpath /HTML[1]/BODY[1]/TABLE[1]/TBODY[1]/TR[1]/TD[1]/TABLE[1]/TBODY[1]/TR[1]/TD[1]/DIV[1]/FORM[1]/INPUT[3]", "xpath /HTML[1]/BODY[1]/TABLE[1]/TBODY[1]/TR[1]/TD[1]/TABLE[2]/TBODY[1]/TR[1]/TD[1]/DIV[1]/FORM[1]/TABLE[1]/TBODY[1]/TR[8]/TD[2]/INPUT[1]", "xpath /HTML[1]/BODY[1]/TABLE[1]/TBODY[1]/TR[1]/TD[1]/TABLE[1]/TBODY[1]/TR[1]/TD[1]/DIV[1]/FORM[1]/INPUT[3]", "xpath /HTML[1]/BODY[1]/TABLE[1]/TBODY[1]/TR[1]/TD[1]/TABLE[1]/TBODY[1]/TR[1]/TD[1]/DIV[1]/FORM[1]/INPUT[3]" ]
    },
    "state7" : {
      "name" : "state7",
      "url" : "http://192.168.1.68/SN/about.php",
      "candidateElements" : [ {
        "top" : 547,
        "left" : 271,
        "xpath" : "/HTML[1]/BODY[1]/TABLE[1]/TBODY[1]/TR[1]/TD[1]/DIV[1]/A[1]",
        "width" : 39,
        "height" : 18
      }, {
        "top" : 6,
        "left" : 922,
        "xpath" : "/HTML[1]/BODY[1]/TABLE[1]/TBODY[1]/TR[1]/TD[1]/TABLE[1]/TBODY[1]/TR[1]/TD[1]/DIV[1]/BUTTON[1]",
        "width" : 65,
        "height" : 24
      }, {
        "top" : 547,
        "left" : 382,
        "xpath" : "/HTML[1]/BODY[1]/TABLE[1]/TBODY[1]/TR[1]/TD[1]/DIV[1]/A[3]",
        "width" : 108,
        "height" : 18
      }, {
        "top" : 46,
        "left" : 6,
        "xpath" : "/HTML[1]/BODY[1]/TABLE[1]/TBODY[1]/TR[1]/TD[1]/TABLE[1]/TBODY[1]/TR[1]/TD[1]/A[1]",
        "width" : 179,
        "height" : 14
      }, {
        "top" : 327,
        "left" : 181,
        "xpath" : "/HTML[1]/BODY[1]/TABLE[1]/TBODY[1]/TR[1]/TD[1]/TABLE[2]/TBODY[1]/TR[1]/TD[1]/P[3]/A[1]",
        "width" : 88,
        "height" : 18
      }, {
        "top" : 64,
        "left" : 6,
        "xpath" : "/HTML[1]/BODY[1]/TABLE[1]/TBODY[1]/TR[1]/TD[1]/TABLE[1]/TBODY[1]/TR[2]/TD[1]/DIV[1]/BUTTON[1]",
        "width" : 118,
        "height" : 24
      }, {
        "top" : 547,
        "left" : 506,
        "xpath" : "/HTML[1]/BODY[1]/TABLE[1]/TBODY[1]/TR[1]/TD[1]/DIV[1]/A[4]",
        "width" : 217,
        "height" : 18
      }, {
        "top" : 64,
        "left" : 128,
        "xpath" : "/HTML[1]/BODY[1]/TABLE[1]/TBODY[1]/TR[1]/TD[1]/TABLE[1]/TBODY[1]/TR[2]/TD[1]/DIV[1]/BUTTON[2]",
        "width" : 83,
        "height" : 24
      }, {
        "top" : 547,
        "left" : 326,
        "xpath" : "/HTML[1]/BODY[1]/TABLE[1]/TBODY[1]/TR[1]/TD[1]/DIV[1]/A[2]",
        "width" : 40,
        "height" : 18
      }, {
        "top" : 64,
        "left" : 215,
        "xpath" : "/HTML[1]/BODY[1]/TABLE[1]/TBODY[1]/TR[1]/TD[1]/TABLE[1]/TBODY[1]/TR[2]/TD[1]/DIV[1]/BUTTON[3]",
        "width" : 90,
        "height" : 24
      }, {
        "top" : 64,
        "left" : 873,
        "xpath" : "/HTML[1]/BODY[1]/TABLE[1]/TBODY[1]/TR[1]/TD[1]/TABLE[1]/TBODY[1]/TR[2]/TD[1]/DIV[2]/FORM[1]/INPUT[2]",
        "width" : 114,
        "height" : 24
      } ],
      "fanIn" : 4,
      "fanOut" : 8,
      "id" : 7,
      "failedEvents" : [ ]
    },
    "state4" : {
      "name" : "state4",
      "url" : "http://192.168.1.68/SN/home.php",
      "candidateElements" : [ {
        "top" : 952,
        "left" : 506,
        "xpath" : "/HTML[1]/BODY[1]/TABLE[1]/TBODY[1]/TR[1]/TD[1]/DIV[1]/A[4]",
        "width" : 217,
        "height" : 18
      }, {
        "top" : 64,
        "left" : 128,
        "xpath" : "/HTML[1]/BODY[1]/TABLE[1]/TBODY[1]/TR[1]/TD[1]/TABLE[1]/TBODY[1]/TR[2]/TD[1]/DIV[1]/BUTTON[2]",
        "width" : 83,
        "height" : 24
      }, {
        "top" : 6,
        "left" : 922,
        "xpath" : "/HTML[1]/BODY[1]/TABLE[1]/TBODY[1]/TR[1]/TD[1]/TABLE[1]/TBODY[1]/TR[1]/TD[1]/DIV[1]/BUTTON[1]",
        "width" : 65,
        "height" : 24
      }, {
        "top" : 64,
        "left" : 6,
        "xpath" : "/HTML[1]/BODY[1]/TABLE[1]/TBODY[1]/TR[1]/TD[1]/TABLE[1]/TBODY[1]/TR[2]/TD[1]/DIV[1]/BUTTON[1]",
        "width" : 118,
        "height" : 24
      }, {
        "top" : 64,
        "left" : 873,
        "xpath" : "/HTML[1]/BODY[1]/TABLE[1]/TBODY[1]/TR[1]/TD[1]/TABLE[1]/TBODY[1]/TR[2]/TD[1]/DIV[2]/FORM[1]/INPUT[2]",
        "width" : 114,
        "height" : 24
      }, {
        "top" : 952,
        "left" : 326,
        "xpath" : "/HTML[1]/BODY[1]/TABLE[1]/TBODY[1]/TR[1]/TD[1]/DIV[1]/A[2]",
        "width" : 40,
        "height" : 18
      }, {
        "top" : 454,
        "left" : 10,
        "xpath" : "/HTML[1]/BODY[1]/TABLE[1]/TBODY[1]/TR[1]/TD[1]/TABLE[2]/TBODY[1]/TR[1]/TD[1]/FORM[1]/INPUT[1]",
        "width" : 51,
        "height" : 24
      }, {
        "top" : 64,
        "left" : 215,
        "xpath" : "/HTML[1]/BODY[1]/TABLE[1]/TBODY[1]/TR[1]/TD[1]/TABLE[1]/TBODY[1]/TR[2]/TD[1]/DIV[1]/BUTTON[3]",
        "width" : 90,
        "height" : 24
      }, {
        "top" : 787,
        "left" : 10,
        "xpath" : "/HTML[1]/BODY[1]/TABLE[1]/TBODY[1]/TR[1]/TD[1]/TABLE[2]/TBODY[1]/TR[1]/TD[1]/FORM[2]/INPUT[2]",
        "width" : 154,
        "height" : 24
      }, {
        "top" : 952,
        "left" : 382,
        "xpath" : "/HTML[1]/BODY[1]/TABLE[1]/TBODY[1]/TR[1]/TD[1]/DIV[1]/A[3]",
        "width" : 108,
        "height" : 18
      }, {
        "top" : 46,
        "left" : 6,
        "xpath" : "/HTML[1]/BODY[1]/TABLE[1]/TBODY[1]/TR[1]/TD[1]/TABLE[1]/TBODY[1]/TR[1]/TD[1]/A[1]",
        "width" : 179,
        "height" : 14
      }, {
        "top" : 952,
        "left" : 271,
        "xpath" : "/HTML[1]/BODY[1]/TABLE[1]/TBODY[1]/TR[1]/TD[1]/DIV[1]/A[1]",
        "width" : 39,
        "height" : 18
      }, {
        "top" : 211,
        "left" : 606,
        "xpath" : "/HTML[1]/BODY[1]/TABLE[1]/TBODY[1]/TR[1]/TD[1]/TABLE[2]/TBODY[1]/TR[1]/TD[1]/TABLE[1]/TBODY[1]/TR[1]/TD[1]/FORM[1]/INPUT[2]",
        "width" : 154,
        "height" : 24
      } ],
      "fanIn" : 17,
      "fanOut" : 0,
      "id" : 4,
      "failedEvents" : [ "xpath /HTML[1]/BODY[1]/TABLE[1]/TBODY[1]/TR[1]/TD[1]/TABLE[1]/TBODY[1]/TR[1]/TD[1]/DIV[1]/FORM[1]/INPUT[3]" ]
    },
    "state3" : {
      "name" : "state3",
      "url" : "http://192.168.1.68/SN/about.php",
      "candidateElements" : [ {
        "top" : 6,
        "left" : 930,
        "xpath" : "/HTML[1]/BODY[1]/TABLE[1]/TBODY[1]/TR[1]/TD[1]/TABLE[1]/TBODY[1]/TR[1]/TD[1]/DIV[1]/FORM[1]/INPUT[3]",
        "width" : 57,
        "height" : 24
      }, {
        "top" : 46,
        "left" : 6,
        "xpath" : "/HTML[1]/BODY[1]/TABLE[1]/TBODY[1]/TR[1]/TD[1]/TABLE[1]/TBODY[1]/TR[1]/TD[1]/A[1]",
        "width" : 179,
        "height" : 14
      }, {
        "top" : 6,
        "left" : 930,
        "xpath" : "/HTML[1]/BODY[1]/TABLE[1]/TBODY[1]/TR[1]/TD[1]/TABLE[1]/TBODY[1]/TR[1]/TD[1]/DIV[1]/FORM[1]/INPUT[3]",
        "width" : 57,
        "height" : 24
      }, {
        "top" : 548,
        "left" : 506,
        "xpath" : "/HTML[1]/BODY[1]/TABLE[1]/TBODY[1]/TR[1]/TD[1]/DIV[1]/A[4]",
        "width" : 217,
        "height" : 18
      }, {
        "top" : 548,
        "left" : 382,
        "xpath" : "/HTML[1]/BODY[1]/TABLE[1]/TBODY[1]/TR[1]/TD[1]/DIV[1]/A[3]",
        "width" : 108,
        "height" : 18
      }, {
        "top" : 328,
        "left" : 181,
        "xpath" : "/HTML[1]/BODY[1]/TABLE[1]/TBODY[1]/TR[1]/TD[1]/TABLE[2]/TBODY[1]/TR[1]/TD[1]/P[3]/A[1]",
        "width" : 88,
        "height" : 18
      }, {
        "top" : 6,
        "left" : 930,
        "xpath" : "/HTML[1]/BODY[1]/TABLE[1]/TBODY[1]/TR[1]/TD[1]/TABLE[1]/TBODY[1]/TR[1]/TD[1]/DIV[1]/FORM[1]/INPUT[3]",
        "width" : 57,
        "height" : 24
      }, {
        "top" : 548,
        "left" : 326,
        "xpath" : "/HTML[1]/BODY[1]/TABLE[1]/TBODY[1]/TR[1]/TD[1]/DIV[1]/A[2]",
        "width" : 40,
        "height" : 18
      }, {
        "top" : 548,
        "left" : 271,
        "xpath" : "/HTML[1]/BODY[1]/TABLE[1]/TBODY[1]/TR[1]/TD[1]/DIV[1]/A[1]",
        "width" : 39,
        "height" : 18
      } ],
      "fanIn" : 1,
      "fanOut" : 6,
      "id" : 3,
      "failedEvents" : [ "xpath /HTML[1]/BODY[1]/TABLE[1]/TBODY[1]/TR[1]/TD[1]/TABLE[1]/TBODY[1]/TR[1]/TD[1]/DIV[1]/FORM[1]/INPUT[3]" ]
    },
    "state18" : {
      "name" : "state18",
      "url" : "http://192.168.1.68/SN/profile.php?id=2341",
      "candidateElements" : [ {
        "top" : 533,
        "left" : 326,
        "xpath" : "/HTML[1]/BODY[1]/DIV[1]/A[2]",
        "width" : 40,
        "height" : 18
      }, {
        "top" : 533,
        "left" : 382,
        "xpath" : "/HTML[1]/BODY[1]/DIV[1]/A[3]",
        "width" : 108,
        "height" : 18
      }, {
        "top" : 64,
        "left" : 128,
        "xpath" : "/HTML[1]/BODY[1]/TABLE[1]/TBODY[1]/TR[1]/TD[1]/TABLE[1]/TBODY[1]/TR[2]/TD[1]/DIV[1]/BUTTON[2]",
        "width" : 83,
        "height" : 24
      }, {
        "top" : 64,
        "left" : 215,
        "xpath" : "/HTML[1]/BODY[1]/TABLE[1]/TBODY[1]/TR[1]/TD[1]/TABLE[1]/TBODY[1]/TR[2]/TD[1]/DIV[1]/BUTTON[3]",
        "width" : 90,
        "height" : 24
      }, {
        "top" : 64,
        "left" : 6,
        "xpath" : "/HTML[1]/BODY[1]/TABLE[1]/TBODY[1]/TR[1]/TD[1]/TABLE[1]/TBODY[1]/TR[2]/TD[1]/DIV[1]/BUTTON[1]",
        "width" : 118,
        "height" : 24
      }, {
        "top" : 46,
        "left" : 6,
        "xpath" : "/HTML[1]/BODY[1]/TABLE[1]/TBODY[1]/TR[1]/TD[1]/TABLE[1]/TBODY[1]/TR[1]/TD[1]/A[1]",
        "width" : 179,
        "height" : 14
      }, {
        "top" : 533,
        "left" : 271,
        "xpath" : "/HTML[1]/BODY[1]/DIV[1]/A[1]",
        "width" : 39,
        "height" : 18
      }, {
        "top" : 533,
        "left" : 506,
        "xpath" : "/HTML[1]/BODY[1]/DIV[1]/A[4]",
        "width" : 217,
        "height" : 18
      }, {
        "top" : 98,
        "left" : 10,
        "xpath" : "/HTML[1]/BODY[1]/TABLE[1]/TBODY[1]/TR[1]/TD[1]/TABLE[2]/TBODY[1]/TR[1]/TD[1]/A[1]",
        "width" : 186,
        "height" : 18
      }, {
        "top" : 64,
        "left" : 873,
        "xpath" : "/HTML[1]/BODY[1]/TABLE[1]/TBODY[1]/TR[1]/TD[1]/TABLE[1]/TBODY[1]/TR[2]/TD[1]/DIV[2]/FORM[1]/INPUT[2]",
        "width" : 114,
        "height" : 24
      }, {
        "top" : 260,
        "left" : 217,
        "xpath" : "/HTML[1]/BODY[1]/TABLE[1]/TBODY[1]/TR[1]/TD[1]/TABLE[2]/TBODY[1]/TR[1]/TD[1]/TABLE[1]/TBODY[1]/TR[2]/TD[2]/DIV[1]/FORM[1]/INPUT[1]",
        "width" : 51,
        "height" : 24
      }, {
        "top" : 6,
        "left" : 922,
        "xpath" : "/HTML[1]/BODY[1]/TABLE[1]/TBODY[1]/TR[1]/TD[1]/TABLE[1]/TBODY[1]/TR[1]/TD[1]/DIV[1]/BUTTON[1]",
        "width" : 65,
        "height" : 24
      } ],
      "fanIn" : 2,
      "fanOut" : 5,
      "id" : 18,
      "failedEvents" : [ "xpath /HTML[1]/BODY[1]/TABLE[1]/TBODY[1]/TR[1]/TD[1]/TABLE[1]/TBODY[1]/TR[2]/TD[1]/DIV[1]/BUTTON[2]" ]
    },
    "state23" : {
      "name" : "state23",
      "url" : "http://192.168.1.68/SN/search.php?query=AjgaJEBc",
      "candidateElements" : [ {
        "top" : 46,
        "left" : 6,
        "xpath" : "/HTML[1]/BODY[1]/TABLE[1]/TBODY[1]/TR[1]/TD[1]/TABLE[1]/TBODY[1]/TR[1]/TD[1]/A[1]",
        "width" : 179,
        "height" : 14
      }, {
        "top" : 64,
        "left" : 215,
        "xpath" : "/HTML[1]/BODY[1]/TABLE[1]/TBODY[1]/TR[1]/TD[1]/TABLE[1]/TBODY[1]/TR[2]/TD[1]/DIV[1]/BUTTON[3]",
        "width" : 90,
        "height" : 24
      }, {
        "top" : 213,
        "left" : 326,
        "xpath" : "/HTML[1]/BODY[1]/TABLE[1]/TBODY[1]/TR[1]/TD[1]/DIV[1]/A[2]",
        "width" : 40,
        "height" : 18
      }, {
        "top" : 64,
        "left" : 6,
        "xpath" : "/HTML[1]/BODY[1]/TABLE[1]/TBODY[1]/TR[1]/TD[1]/TABLE[1]/TBODY[1]/TR[2]/TD[1]/DIV[1]/BUTTON[1]",
        "width" : 118,
        "height" : 24
      }, {
        "top" : 6,
        "left" : 922,
        "xpath" : "/HTML[1]/BODY[1]/TABLE[1]/TBODY[1]/TR[1]/TD[1]/TABLE[1]/TBODY[1]/TR[1]/TD[1]/DIV[1]/BUTTON[1]",
        "width" : 65,
        "height" : 24
      }, {
        "top" : 213,
        "left" : 271,
        "xpath" : "/HTML[1]/BODY[1]/TABLE[1]/TBODY[1]/TR[1]/TD[1]/DIV[1]/A[1]",
        "width" : 39,
        "height" : 18
      }, {
        "top" : 64,
        "left" : 128,
        "xpath" : "/HTML[1]/BODY[1]/TABLE[1]/TBODY[1]/TR[1]/TD[1]/TABLE[1]/TBODY[1]/TR[2]/TD[1]/DIV[1]/BUTTON[2]",
        "width" : 83,
        "height" : 24
      }, {
        "top" : 213,
        "left" : 506,
        "xpath" : "/HTML[1]/BODY[1]/TABLE[1]/TBODY[1]/TR[1]/TD[1]/DIV[1]/A[4]",
        "width" : 217,
        "height" : 18
      }, {
        "top" : 213,
        "left" : 382,
        "xpath" : "/HTML[1]/BODY[1]/TABLE[1]/TBODY[1]/TR[1]/TD[1]/DIV[1]/A[3]",
        "width" : 108,
        "height" : 18
      }, {
        "top" : 64,
        "left" : 873,
        "xpath" : "/HTML[1]/BODY[1]/TABLE[1]/TBODY[1]/TR[1]/TD[1]/TABLE[1]/TBODY[1]/TR[2]/TD[1]/DIV[2]/FORM[1]/INPUT[2]",
        "width" : 114,
        "height" : 24
      } ],
      "fanIn" : 2,
      "fanOut" : 4,
      "id" : 23,
      "failedEvents" : [ "xpath /HTML[1]/BODY[1]/TABLE[1]/TBODY[1]/TR[1]/TD[1]/TABLE[1]/TBODY[1]/TR[2]/TD[1]/DIV[2]/FORM[1]/INPUT[2]" ]
    },
    "state21" : {
      "name" : "state21",
      "url" : "http://192.168.1.68/SN/friends.php",
      "candidateElements" : [ {
        "top" : 289,
        "left" : 271,
        "xpath" : "/HTML[1]/BODY[1]/TABLE[1]/TBODY[1]/TR[1]/TD[1]/DIV[1]/A[1]",
        "width" : 39,
        "height" : 18
      }, {
        "top" : 64,
        "left" : 873,
        "xpath" : "/HTML[1]/BODY[1]/TABLE[1]/TBODY[1]/TR[1]/TD[1]/TABLE[1]/TBODY[1]/TR[2]/TD[1]/DIV[2]/FORM[1]/INPUT[2]",
        "width" : 114,
        "height" : 24
      }, {
        "top" : 46,
        "left" : 6,
        "xpath" : "/HTML[1]/BODY[1]/TABLE[1]/TBODY[1]/TR[1]/TD[1]/TABLE[1]/TBODY[1]/TR[1]/TD[1]/A[1]",
        "width" : 179,
        "height" : 14
      }, {
        "top" : 289,
        "left" : 382,
        "xpath" : "/HTML[1]/BODY[1]/TABLE[1]/TBODY[1]/TR[1]/TD[1]/DIV[1]/A[3]",
        "width" : 108,
        "height" : 18
      }, {
        "top" : 64,
        "left" : 215,
        "xpath" : "/HTML[1]/BODY[1]/TABLE[1]/TBODY[1]/TR[1]/TD[1]/TABLE[1]/TBODY[1]/TR[2]/TD[1]/DIV[1]/BUTTON[3]",
        "width" : 90,
        "height" : 24
      }, {
        "top" : 64,
        "left" : 6,
        "xpath" : "/HTML[1]/BODY[1]/TABLE[1]/TBODY[1]/TR[1]/TD[1]/TABLE[1]/TBODY[1]/TR[2]/TD[1]/DIV[1]/BUTTON[1]",
        "width" : 118,
        "height" : 24
      }, {
        "top" : 289,
        "left" : 506,
        "xpath" : "/HTML[1]/BODY[1]/TABLE[1]/TBODY[1]/TR[1]/TD[1]/DIV[1]/A[4]",
        "width" : 217,
        "height" : 18
      }, {
        "top" : 64,
        "left" : 128,
        "xpath" : "/HTML[1]/BODY[1]/TABLE[1]/TBODY[1]/TR[1]/TD[1]/TABLE[1]/TBODY[1]/TR[2]/TD[1]/DIV[1]/BUTTON[2]",
        "width" : 83,
        "height" : 24
      }, {
        "top" : 6,
        "left" : 922,
        "xpath" : "/HTML[1]/BODY[1]/TABLE[1]/TBODY[1]/TR[1]/TD[1]/TABLE[1]/TBODY[1]/TR[1]/TD[1]/DIV[1]/BUTTON[1]",
        "width" : 65,
        "height" : 24
      }, {
        "top" : 289,
        "left" : 326,
        "xpath" : "/HTML[1]/BODY[1]/TABLE[1]/TBODY[1]/TR[1]/TD[1]/DIV[1]/A[2]",
        "width" : 40,
        "height" : 18
      } ],
      "fanIn" : 3,
      "fanOut" : 6,
      "id" : 21,
      "failedEvents" : [ "xpath /HTML[1]/BODY[1]/TABLE[1]/TBODY[1]/TR[1]/TD[1]/TABLE[1]/TBODY[1]/TR[2]/TD[1]/DIV[1]/BUTTON[3]" ]
    }
  },
  "edges" : [ {
    "from" : "index",
    "to" : "state3",
    "text" : "About",
    "id" : "xpath /HTML[1]/BODY[1]/TABLE[1]/TBODY[1]/TR[1]/TD[1]/DIV[1]/A[2]",
    "element" : "Element{node=[A: null], tag=A, text=About, attributes={alt=About The Brotherhood, href=about.php}}",
    "eventType" : "click"
  }, {
    "from" : "state3",
    "to" : "state4",
    "text" : "",
    "id" : "xpath /HTML[1]/BODY[1]/TABLE[1]/TBODY[1]/TR[1]/TD[1]/TABLE[1]/TBODY[1]/TR[1]/TD[1]/DIV[1]/FORM[1]/INPUT[3]",
    "element" : "Element{node=[INPUT: null], tag=INPUT, text=, attributes={atusa=id4092174_1, type=submit, value=Login}}",
    "eventType" : "click"
  }, {
    "from" : "index",
    "to" : "state4",
    "text" : "",
    "id" : "xpath /HTML[1]/BODY[1]/TABLE[1]/TBODY[1]/TR[1]/TD[1]/TABLE[1]/TBODY[1]/TR[1]/TD[1]/A[1]",
    "element" : "Element{node=[A: null], tag=A, text=, attributes={alt=Brotherhood Homepage, href=index.php, id=siteLogo}}",
    "eventType" : "click"
  }, {
    "from" : "state3",
    "to" : "state4",
    "text" : "",
    "id" : "xpath /HTML[1]/BODY[1]/TABLE[1]/TBODY[1]/TR[1]/TD[1]/TABLE[1]/TBODY[1]/TR[1]/TD[1]/A[1]",
    "element" : "Element{node=[A: null], tag=A, text=, attributes={alt=Brotherhood Homepage, href=index.php, id=siteLogo}}",
    "eventType" : "click"
  }, {
    "from" : "state3",
    "to" : "state7",
    "text" : "Terms of Service",
    "id" : "xpath /HTML[1]/BODY[1]/TABLE[1]/TBODY[1]/TR[1]/TD[1]/DIV[1]/A[3]",
    "element" : "Element{node=[A: null], tag=A, text=Terms of Service, attributes={alt=Terms of Service, href=#, target=_blank}}",
    "eventType" : "click"
  }, {
    "from" : "state7",
    "to" : "state4",
    "text" : "Home",
    "id" : "xpath /HTML[1]/BODY[1]/TABLE[1]/TBODY[1]/TR[1]/TD[1]/DIV[1]/A[1]",
    "element" : "Element{node=[A: null], tag=A, text=Home, attributes={alt=The Brotherhood Homepage, href=index.php}}",
    "eventType" : "click"
  }, {
    "from" : "state3",
    "to" : "state4",
    "text" : "the homepage",
    "id" : "xpath /HTML[1]/BODY[1]/TABLE[1]/TBODY[1]/TR[1]/TD[1]/TABLE[2]/TBODY[1]/TR[1]/TD[1]/P[3]/A[1]",
    "element" : "Element{node=[A: null], tag=A, text=the homepage, attributes={href=index.php}}",
    "eventType" : "click"
  }, {
    "from" : "state7",
    "to" : "index",
    "text" : "Logout",
    "id" : "xpath /HTML[1]/BODY[1]/TABLE[1]/TBODY[1]/TR[1]/TD[1]/TABLE[1]/TBODY[1]/TR[1]/TD[1]/DIV[1]/BUTTON[1]",
    "element" : "Element{node=[BUTTON: null], tag=BUTTON, text=Logout, attributes={onclick=logout();, type=button, value=logout}}",
    "eventType" : "click"
  }, {
    "from" : "state7",
    "to" : "state4",
    "text" : "",
    "id" : "xpath /HTML[1]/BODY[1]/TABLE[1]/TBODY[1]/TR[1]/TD[1]/TABLE[1]/TBODY[1]/TR[1]/TD[1]/A[1]",
    "element" : "Element{node=[A: null], tag=A, text=, attributes={alt=Brotherhood Homepage, href=index.php, id=siteLogo}}",
    "eventType" : "click"
  }, {
    "from" : "state3",
    "to" : "state7",
    "text" : "About",
    "id" : "xpath /HTML[1]/BODY[1]/TABLE[1]/TBODY[1]/TR[1]/TD[1]/DIV[1]/A[2]",
    "element" : "Element{node=[A: null], tag=A, text=About, attributes={alt=About The Brotherhood, href=about.php}}",
    "eventType" : "click"
  }, {
    "from" : "state7",
    "to" : "state4",
    "text" : "the homepage",
    "id" : "xpath /HTML[1]/BODY[1]/TABLE[1]/TBODY[1]/TR[1]/TD[1]/TABLE[2]/TBODY[1]/TR[1]/TD[1]/P[3]/A[1]",
    "element" : "Element{node=[A: null], tag=A, text=the homepage, attributes={href=index.php}}",
    "eventType" : "click"
  }, {
    "from" : "state7",
    "to" : "state4",
    "text" : "Welcome Page",
    "id" : "xpath /HTML[1]/BODY[1]/TABLE[1]/TBODY[1]/TR[1]/TD[1]/TABLE[1]/TBODY[1]/TR[2]/TD[1]/DIV[1]/BUTTON[1]",
    "element" : "Element{node=[BUTTON: null], tag=BUTTON, text=Welcome Page, attributes={onclick=goHome();, type=button, value=welcome page}}",
    "eventType" : "click"
  }, {
    "from" : "state3",
    "to" : "state4",
    "text" : "Home",
    "id" : "xpath /HTML[1]/BODY[1]/TABLE[1]/TBODY[1]/TR[1]/TD[1]/DIV[1]/A[1]",
    "element" : "Element{node=[A: null], tag=A, text=Home, attributes={alt=The Brotherhood Homepage, href=index.php}}",
    "eventType" : "click"
  }, {
    "from" : "state7",
    "to" : "state18",
    "text" : "My Profile",
    "id" : "xpath /HTML[1]/BODY[1]/TABLE[1]/TBODY[1]/TR[1]/TD[1]/TABLE[1]/TBODY[1]/TR[2]/TD[1]/DIV[1]/BUTTON[2]",
    "element" : "Element{node=[BUTTON: null], tag=BUTTON, text=My Profile, attributes={onclick=parent.location='profile.php?id=2341', type=button, value=my profile}}",
    "eventType" : "click"
  }, {
    "from" : "state18",
    "to" : "state7",
    "text" : "About",
    "id" : "xpath /HTML[1]/BODY[1]/DIV[1]/A[2]",
    "element" : "Element{node=[A: null], tag=A, text=About, attributes={alt=About The Brotherhood, href=about.php}}",
    "eventType" : "click"
  }, {
    "from" : "state7",
    "to" : "state21",
    "text" : "My Friends",
    "id" : "xpath /HTML[1]/BODY[1]/TABLE[1]/TBODY[1]/TR[1]/TD[1]/TABLE[1]/TBODY[1]/TR[2]/TD[1]/DIV[1]/BUTTON[3]",
    "element" : "Element{node=[BUTTON: null], tag=BUTTON, text=My Friends, attributes={onclick=goToMyFriends();, type=button, value=my friends}}",
    "eventType" : "click"
  }, {
    "from" : "state21",
    "to" : "state4",
    "text" : "Home",
    "id" : "xpath /HTML[1]/BODY[1]/TABLE[1]/TBODY[1]/TR[1]/TD[1]/DIV[1]/A[1]",
    "element" : "Element{node=[A: null], tag=A, text=Home, attributes={alt=The Brotherhood Homepage, href=index.php}}",
    "eventType" : "click"
  }, {
    "from" : "state7",
    "to" : "state23",
    "text" : "",
    "id" : "xpath /HTML[1]/BODY[1]/TABLE[1]/TBODY[1]/TR[1]/TD[1]/TABLE[1]/TBODY[1]/TR[2]/TD[1]/DIV[2]/FORM[1]/INPUT[2]",
    "element" : "Element{node=[INPUT: null], tag=INPUT, text=, attributes={type=submit, value=People Search}}",
    "eventType" : "click"
  }, {
    "from" : "state23",
    "to" : "state4",
    "text" : "",
    "id" : "xpath /HTML[1]/BODY[1]/TABLE[1]/TBODY[1]/TR[1]/TD[1]/TABLE[1]/TBODY[1]/TR[1]/TD[1]/A[1]",
    "element" : "Element{node=[A: null], tag=A, text=, attributes={alt=Brotherhood Homepage, href=index.php, id=siteLogo}}",
    "eventType" : "click"
  }, {
    "from" : "state18",
    "to" : "state21",
    "text" : "My Friends",
    "id" : "xpath /HTML[1]/BODY[1]/TABLE[1]/TBODY[1]/TR[1]/TD[1]/TABLE[1]/TBODY[1]/TR[2]/TD[1]/DIV[1]/BUTTON[3]",
    "element" : "Element{node=[BUTTON: null], tag=BUTTON, text=My Friends, attributes={onclick=goToMyFriends();, type=button, value=my friends}}",
    "eventType" : "click"
  }, {
    "from" : "state21",
    "to" : "state23",
    "text" : "",
    "id" : "xpath /HTML[1]/BODY[1]/TABLE[1]/TBODY[1]/TR[1]/TD[1]/TABLE[1]/TBODY[1]/TR[2]/TD[1]/DIV[2]/FORM[1]/INPUT[2]",
    "element" : "Element{node=[INPUT: null], tag=INPUT, text=, attributes={type=submit, value=People Search}}",
    "eventType" : "click"
  }, {
    "from" : "state23",
    "to" : "state21",
    "text" : "My Friends",
    "id" : "xpath /HTML[1]/BODY[1]/TABLE[1]/TBODY[1]/TR[1]/TD[1]/TABLE[1]/TBODY[1]/TR[2]/TD[1]/DIV[1]/BUTTON[3]",
    "element" : "Element{node=[BUTTON: null], tag=BUTTON, text=My Friends, attributes={onclick=goToMyFriends();, type=button, value=my friends}}",
    "eventType" : "click"
  }, {
    "from" : "state21",
    "to" : "state4",
    "text" : "",
    "id" : "xpath /HTML[1]/BODY[1]/TABLE[1]/TBODY[1]/TR[1]/TD[1]/TABLE[1]/TBODY[1]/TR[1]/TD[1]/A[1]",
    "element" : "Element{node=[A: null], tag=A, text=, attributes={alt=Brotherhood Homepage, href=index.php, id=siteLogo}}",
    "eventType" : "click"
  }, {
    "from" : "state21",
    "to" : "state4",
    "text" : "Welcome Page",
    "id" : "xpath /HTML[1]/BODY[1]/TABLE[1]/TBODY[1]/TR[1]/TD[1]/TABLE[1]/TBODY[1]/TR[2]/TD[1]/DIV[1]/BUTTON[1]",
    "element" : "Element{node=[BUTTON: null], tag=BUTTON, text=Welcome Page, attributes={onclick=goHome();, type=button, value=welcome page}}",
    "eventType" : "click"
  }, {
    "from" : "state23",
    "to" : "state7",
    "text" : "About",
    "id" : "xpath /HTML[1]/BODY[1]/TABLE[1]/TBODY[1]/TR[1]/TD[1]/DIV[1]/A[2]",
    "element" : "Element{node=[A: null], tag=A, text=About, attributes={alt=About The Brotherhood, href=about.php}}",
    "eventType" : "click"
  }, {
    "from" : "state18",
    "to" : "state4",
    "text" : "Welcome Page",
    "id" : "xpath /HTML[1]/BODY[1]/TABLE[1]/TBODY[1]/TR[1]/TD[1]/TABLE[1]/TBODY[1]/TR[2]/TD[1]/DIV[1]/BUTTON[1]",
    "element" : "Element{node=[BUTTON: null], tag=BUTTON, text=Welcome Page, attributes={onclick=goHome();, type=button, value=welcome page}}",
    "eventType" : "click"
  }, {
    "from" : "state21",
    "to" : "state18",
    "text" : "My Profile",
    "id" : "xpath /HTML[1]/BODY[1]/TABLE[1]/TBODY[1]/TR[1]/TD[1]/TABLE[1]/TBODY[1]/TR[2]/TD[1]/DIV[1]/BUTTON[2]",
    "element" : "Element{node=[BUTTON: null], tag=BUTTON, text=My Profile, attributes={onclick=parent.location='profile.php?id=2341', type=button, value=my profile}}",
    "eventType" : "click"
  }, {
    "from" : "state18",
    "to" : "state4",
    "text" : "",
    "id" : "xpath /HTML[1]/BODY[1]/TABLE[1]/TBODY[1]/TR[1]/TD[1]/TABLE[1]/TBODY[1]/TR[1]/TD[1]/A[1]",
    "element" : "Element{node=[A: null], tag=A, text=, attributes={alt=Brotherhood Homepage, href=index.php, id=siteLogo}}",
    "eventType" : "click"
  }, {
    "from" : "state23",
    "to" : "state4",
    "text" : "Welcome Page",
    "id" : "xpath /HTML[1]/BODY[1]/TABLE[1]/TBODY[1]/TR[1]/TD[1]/TABLE[1]/TBODY[1]/TR[2]/TD[1]/DIV[1]/BUTTON[1]",
    "element" : "Element{node=[BUTTON: null], tag=BUTTON, text=Welcome Page, attributes={onclick=goHome();, type=button, value=welcome page}}",
    "eventType" : "click"
  }, {
    "from" : "state18",
    "to" : "state4",
    "text" : "Home",
    "id" : "xpath /HTML[1]/BODY[1]/DIV[1]/A[1]",
    "element" : "Element{node=[A: null], tag=A, text=Home, attributes={alt=The Brotherhood Homepage, href=index.php}}",
    "eventType" : "click"
  }, {
    "from" : "state21",
    "to" : "index",
    "text" : "Logout",
    "id" : "xpath /HTML[1]/BODY[1]/TABLE[1]/TBODY[1]/TR[1]/TD[1]/TABLE[1]/TBODY[1]/TR[1]/TD[1]/DIV[1]/BUTTON[1]",
    "element" : "Element{node=[BUTTON: null], tag=BUTTON, text=Logout, attributes={onclick=logout();, type=button, value=logout}}",
    "eventType" : "click"
  } ],
  "statistics" : {
    "duration" : "2 minutes 25 seconds",
    "crawlPaths" : 49,
    "averageDomSize" : "3.94 kB",
    "edges" : 31,
    "startDate" : "2021-03-02 11:38:14 PKT",
    "stateStats" : {
      "leastFanOut" : {
        "id" : "state4",
        "count" : 0
      },
      "leastFanIn" : {
        "id" : "state3",
        "count" : 1
      },
      "mostFanOut" : {
        "id" : "state7",
        "count" : 8
      },
      "mostFanIn" : {
        "id" : "state4",
        "count" : 17
      },
      "totalNumberOfStates" : 7,
      "urls" : {
        "http://192.168.1.68/SN" : [ "index" ],
        "http://192.168.1.68/SN/about.php" : [ "state7", "state3" ],
        "http://192.168.1.68/SN/home.php" : [ "state4" ],
        "http://192.168.1.68/SN/profile.php?id=2341" : [ "state18" ],
        "http://192.168.1.68/SN/search.php?query=AjgaJEBc" : [ "state23" ],
        "http://192.168.1.68/SN/friends.php" : [ "state21" ]
      }
    },
    "failedEvents" : 9
  },
  "exitStatus" : "EXHAUSTED"
}